@0000000000000000
3131313131313131
3131313131313131
3131313131313131
3131313131313131
3131313131313131
3131313131313131
3131313131313131
3131313131313131
3131313131313131
3131313131313131
3131313131313131
3131313131313131
3131313131313131
3131313131313131
3131313131313131
3131313131313131
3131313131313131
3131313131313131
3131313131313131
3131313131313131
3131313131313131
3131313131313131
3131313131313131
3131313131313131
3131313131313131
3131313131313131
3131313131313131
3131313131313131
3131313131313131
3131313131313131
3131313131313131
3131313131313131
3131313131313131
3131313131313131
3131313131313131
3131313131313131
3131313131313131
3131313131313131
3131313131313131
3131313131313131
3131313131313131
3131313131313131
3131313131313131
3131313131313131
3131313131313131
3131313131313131
3131313131313131
3131313131313131
3131313131313131
3131313131313131
3131313131313131
3131313131313131
3131313131313131
3131313131313131
3131313131313131
3131313131313131
3131313131313131
3131313131313131
3131313131313131
3131313131313131
3131313131313131
3131313131313131
3131313131313131
3131313131313131
3131313131313131
3131313131313131
3131313131313131
3131313131313131
3131313131313131
3131313131313131
3131313131313131
3131313131313131
3131313131313131
3131313131313131
3131313131313131
3131313131313131
3131313131313131
3131313131313131
3131313131313131
3131313131313131
3131313131313131
3131313131313131
3131313131313131
3131313131313131
3131313131313131
3131313131313131
3131313131313131
3131313131313131
3131313131313131
3131313131313131
3131313131313131
3131313131313131
3131313131313131
3131313131313131
3131313131313131
3131313131313131
3131313131313131
3131313131313131
3131313131313131
3131313131313131
3131313131313131
3131313131313131
3131313131313131
3131313131313131
3131313131313131
3131313131313131
3131313131313131
3131313131313131
3131313131313131
3131313131313131
3131313131313131
3131313131313131
3131313131313131
3131313131313131
3131313131313131
3131313131313131
3131313131313131
3131313131313131
3131313131313131
3131313131313131
3131313131313131
3131313131313131
3131313131313131
3131313131313131
3131313131313131
3131313131313131
3131313131313131
3131313131313131
3131313131313131
3131313131313131
3131313131313131
3131313131313131
3131313131313131
3131313131313131
3131313131313131
3131313131313131
3131313131313131
3131313131313131
3131313131313131
3131313131313131
3131313131313131
3131313131313131
3131313131313131
3131313131313131
3131313131313131
3131313131313131
3131313131313131
3131313131313131
3131313131313131
3131313131313131
3131313131313131
3131313131313131
3131313131313131
3131313131313131
3131313131313131
3131313131313131
3131313131313131
3131313131313131
3131313131313131
3131313131313131
3131313131313131
3131313131313131
3131313131313131
3131313131313131
3131313131313131
3131313131313131
3131313131313131
3131313131313131
3333333333333131
3131333331333131
3333353533353131
3335333333333131
3533333337373131
3731313133373131
3731313131373131
3735333331333131
3131313131313131
3131313131313131
3131313131313131
3131313131313131
3131313131313131
3131313131313131
3131313131313131
3131313131313131
3535333531333131
330d0d3531333131
330d0d3531333131
330d0d3531333131
330d0d3531373131
3337333531353131
3335333331353131
3335313131353131
3333333333330d35
3133333131330d33
3335353333350d35
33350d0d37333335
3337333537333337
3133333531313133
3133333731313131
3331333733353531
33333333330d3533
33333131330d3331
35353333350d3533
3733333333353333
3733333337373333
3331313137353131
3331313135373131
3733333333353333
3531333537353531
3531333537313531
35313333350d3531
35313333330d3531
35313335350d3531
3731333737313531
3131333737353731
3131333533333131
3533333533353333
0d0d0d35330d0d0d
0d0d0d35330d0d0d
0d0d0d35330d0d0d
0d0d0d35330d0d0d
3733333533333733
3531313133353331
3531313133353131
333333330d353333
333131330d333131
353333350d353333
0d0d0d0d0d0d0d35
0d0d0d0d0d0d3135
0d0d0d0d0d0d3137
37330d3733373535
3535313735353533
3533353337353333
3131353133313133
3735373135373335
3535333135350d0d
3537313335330d0d
3735313535310d0d
3531313737373333
3331333537353737
3737333737333735
3537313535373735
3737313535373737
3735313537353737
3535313535353737
3735313535353535
3735313535353535
3137353535353737
3131333537373735
3131353537353335
3131373535353535
3133353537373537
3335353335373537
3537370d35373535
3537370d37353535
3537350d37373535
33330d3533333335
3135353331313333
3737353533333535
35373735350d0d35
37353537370d0d35
3731313737330d35
3331313137350d35
3131313137370d35
330d353333333333
3735353131353331
3537373333373533
3535353335370d33
3537373735370d37
3537373735370d35
3537373737373135
3537373735353537
3131313135370d37
3131313133350d37
3333353333353335
3737373533373337
3537373533373537
3535373331353537
3535373331353535
3135353531353537
3337373737373733
3535373737353733
3337353537353533
3133373535373531
3335353537373731
3535333335373731
3735333533353531
3735353533373531
3131353333333333
3131333137353131
3131353535373535
3131353533333333
3131353533333335
3131353533333333
3131373531333333
3131353333333133
3131313131313131
3131313131313131
3131313131313131
3131313131313131
3131313131313131
3131313131313131
3131313131313131
3131313131313131
3131333333313331
3131333331313331
3131333333333331
3131353135353533
3131373737373735
3131353737353537
3131353737373535
3131353735353535
3131313131313131
3131313131313131
3131313131313131
3131313131313131
3131313131313131
3131313131313131
3131313131313131
3131313131313131
3131313131313131
3131313131313131
3131313131313131
3131313131313131
3131313131313131
3131313131313131
3131313131313131
3131313131313131
3131313131313131
3131313131313131
3131313131313131
3131313131313131
3131313131313131
3131313131313131
3131313131313131
3131313131313131
3131313131313131
3131313131313131
3131313131313131
3131313131313131
3131313131313131
3131313131313131
3131313131313131
3131313131313131
3131313131313131
3131313131313131
3131313131313131
3131313131313131
3131313131313131
3131313131313131
3131313131313131
3131313131313131
3131313131313131
3131313131313131
3131313131313131
3131313131313131
3131313131313131
3131313131313131
3131313131313131
3131313131313131
3131313131313131
3131313131313131
3131313131313131
3131313131313131
3131313131313131
3131313131313131
3131313131313131
3131313131313131
3131313131313131
3131313131313131
3131313131313131
3131313131313131
3131313131313131
3131313131313131
3131313131313131
3131313131313131
3131313131313131
3131313131313131
3131313131313131
3131313131313131
3131313131313131
3131313131313131
3131313131313131
3131313131313131
3131313131313131
3131313131313131
3131313131313131
3131313131313131
3131313131313131
3131313131313131
3131313131313131
3131313131313131
3131313131313131
3131313131313131
3131313131313131
3131313131313131
3131313131313131
3131313131313131
3131313131313131
3131313131313131
3131313131313131
3131313131313131
3131313131313131
3131313131313131
3131313131313131
3131313131313131
3131313131313131
3131313131313131
3131313131313131
3131313131313131
3131313131313131
3131313131313131
3131313131313131
3131313131313131
3131313131313131
3131313131313131
3131313131313131
3131313131313131
3131313131313131
3131313131313131
3131313131313131
3131313131313131
3131313131313131
3131313131313131
3131313131313131
3131313131313131
3131313131313131
3131313131313131
3131313131313131
3131313131313131
3131313131313131
3131313131313131
3131313131313131
3131313131313131
3131313131313131
3131313131313131
3131313131313131
3131313131313131
3131313131313131
3131313131313131
3131313131313131
3131313131313131
3131313131313131
3131313131313131
3131313131313131
3131313131313131
3131313131313131
3131313131313131
3131313131313131
3131313131313131
3131313131313131
3131313131313131
3131313131313131
3131313131313131
3131313131313131
3131313131313131
3131313131313131
3131313131313131
3131313131313131
3131313131313131
3131313131313131
3131313131313131
3131313131313131
3131313131313131
3131313131313131
3131313131313131
3131313131313131
3131313131313131
3131313131313131
3131313131313131
3131313131313131
3131313131313131
3131313131313131
3131313131313131
3131313131313131
3131313131313131
3131313131313131
3131313131313131
3131313131313131
3131313131313131
1f1f1f1f1f1f1f1f
1f1f1f1f1f1f1f1f
1f1f1f1f1f1f1f1f
1f1f1f1f1f1f1f1f
1f1f1f1f1f1f1f1f
1f1f1f1f1f1f1f1f
1f1f1f1f1f1f1f1f
1f1f1f1f1f1f1f1f
1f1f1f1f1f1f1f1f
1f1f1f1f1f1f1f1f
1f1f1f1f1f1f1f1f
1f1f1f1f1f1f1f1f
1f1f1f1f1f1f1f1f
1f1f1f1f1f1f1f1f
1f1f1f1f1f1f1f1f
1f1f1f1f1f1f1f1f
1f1f1f1f1f1f1f1f
1f1f1f1f1f1f1f1f
1f1f1f1f1f1f1f1f
1f1f1f1f1f1f1f1f
1f1f1f1f1f1f1f1f
1f1f1f1f1f1f1f1f
1f1f1f1f1f1f1f1f
1f1f1f1f1f1f1f1f
1f1f1f1f1f1f1f1f
1f1f1f1f1f1f1f1f
1f1f1f1f1f1f1f1f
1f1f1f1f1f1f1f1f
1f1f1f1f1f1f1f1f
1f1f1f1f1f1f1f1f
1f1f1f1f1f1f1f1f
1f1f1f1f1f1f1f1f
3131313131313131
3131313131313131
3131313131313131
3131313131313131
3131313131313131
3131313131313131
3131313131313131
3131313131313131
3131313131313131
3131313131313131
3131313131313131
3131313131313131
3131313131313131
3131313131313131
3131313131313131
3131313131313131
3131313131313131
3131313131313131
3131313131313131
3131313131313131
3131313131313131
3131313131313131
3131313131313131
3131313131313131
3131313131313131
3131313131313131
3131313131313131
3131313131313131
3131313131313131
3131313131313131
3131313131313131
3131313131313131
3131313131313131
3131313131313131
3131313131313131
3131313131313131
3131313131313131
3131313131313131
3131313131313131
3131313131313131
3131313131313131
3131313131313131
3131313131313131
3131313131313131
3131313131313131
3131313131313131
3131313131313131
3131313131313131
3131313131313131
3131313131313131
3131313131313131
3131313131313131
3131313131313131
3131313131313131
3131313131313131
3131313131313131
3131313131313131
3131313131313131
3131313131313131
3131313131313131
3131313131313131
3131313131313131
3131313131313131
3131313131313131
3131313131313131
3131313131313131
3131313131313131
3131313131313131
3131313131313131
3131313131313131
3131313131313131
3131313131313131
3131313131313131
3131313131313131
3131313131313131
3131313131313131
3131313131313131
3131313131313131
3131313131313131
3131313131313131
3131313131313131
3131313131313131
3131313131313131
3131313131313131
3131313131313131
3131313131313131
3131313131313131
3131313131313131
3131313131313131
3131313131313131
3131313131313131
3131313131313131
3131313131313131
3131313131313131
3131313131313131
3131313131313131
3131313131313131
3131313131313131
3131313131313131
3131313131313131
3131313131313131
3131313131313131
3131313131313131
3131313131313131
3131313131313131
3131313131313131
3131313131313131
3131313131313131
3131313131313131
3131313131313131
3131313131313131
3131313131313131
3131313131313131
3131313131313131
3131313131313131
3131313131313131
3131313131313131
3131313131313131
3131313131313131
3131313131313131
3131313131313131
3131313131313131
3131313131313131
3131313131313131
3131313131313131
3131313131313131
3131313131313131
3131313131313131
3131313131313131
3131313131313131
3131313131313131
3131313131313131
3131313131313131
3131313131313131
3131313131313131
3131313131313131
3131313131313131
3131313131313131
3131313131313131
3131313131313131
3131313131313131
3131313131313131
3131313131313131
3131313131313131
3131313131313131
3131313131313131
3131313131313131
3131313131313131
3131313131313131
3131313131313131
3131313131313131
3131313131313131
3131313131313131
3131313131313131
3131313131313131
3131313131313131
3131313131313131
3131313131313131
3131313131313131
3131313131313131
3131313131313131
3131313131313131
3131313131313131
3131313131313131
3131313131313131
3131313131313131
3131313131313131
3131313131313131
3335313131353131
3335333331353131
3335333531353131
330d0d3531353131
330d0d3531353131
330d0d3531353131
330d0d3531353131
330d0d3531353131
3131313131313131
3131313131313131
3131313131313131
3131313131313131
3131313131313131
3131313131313131
3131313131313131
3131313131313131
330d313531373131
330d333331333131
330d333533333131
350d313537333131
3131353537313131
3535373335313131
3737373537353131
3535353735353131
3131333733313131
3531333531333131
3531333733373731
3531333537353531
35313335350d3331
35313335350d3331
35313335350d3331
37313335350d3331
3731313133353331
3533333533353733
3331313533313331
0d0d0d35330d0d0d
0d0d0d35330d0d0d
0d0d0d35330d0d0d
0d0d0d35330d0d0d
3733333733373333
33313335330d3331
31313533350d3531
31333535370d3533
33373337370d3537
33353135350d3335
0d0d0d330d0d0d0d
0d0d0d0d0d0d3333
3537333733373535
3531313133373131
3331313135353131
3331313137373131
3733333337353333
3533333335353333
0d0d0d0d0d0d0d0d
0d0d0d0d0d0d0d0d
3333373337353537
3735373735373537
3535333337333733
3537373737353733
353737373735350d
3335313335353331
3735353737353535
3535373735373537
3735353537353533
3535370d35353537
3735370d35353335
3337350d37373737
0d33350d33353735
313333330d313135
3737373735353537
3535353537353335
3535353535373337
3735353735373535
3735353537353535
3737353737373535
3535373735373735
3735353535373731
0d0d0d0d0d0d0d0d
0d0d0d0d0d0d0d0d
0d0d0d3537373537
3537373735373335
3537353535353337
3537373735373335
3535353735373537
3737373535373337
0d0d0d0d0d0d0d0d
0d0d0d0d0d0d0d0d
0d0d0d0d0d0d0d0d
3137353531353537
3131313131333533
313131313133350d
333333353333350d
3537373735333331
3535373737353337
3535373537333537
3735373737353735
3535333333373531
3537333333353331
3535333135373331
3537333135373533
3735353135373737
3535353137373535
3735373537373737
3737373737373735
3735353735333537
3537353737353535
3131313131373337
3131313131350d35
3131313133350d35
3131313135370d0d
3331313137370d0d
3531313335350d0d
3737373737373537
3537373737353535
3537373535353533
3335373533353735
3333353533353737
3333353531353737
3535353533353535
3533353533353337
3131353535353537
3131353537353535
3131353735353735
3131353737353737
3131373735353533
3131353735353535
3131353537353537
3131353735353737
3131313131313131
3131313131313131
3131313131313131
3131313131313131
3131313131313131
3131313131313131
3131313131313131
3131313131313131
3131373335353537
3131373335373337
3131353137353533
3131353335353535
3131353137353535
3131353137353533
3131353137353533
3131373135373333
3131313131313131
3131313131313131
3131313131313131
3131313131313131
3131313131313131
3131313131313131
3131313131313131
3131313131313131
3131313131313131
3131313131313131
3131313131313131
3131313131313131
3131313131313131
3131313131313131
3131313131313131
3131313131313131
3131313131313131
3131313131313131
3131313131313131
3131313131313131
3131313131313131
3131313131313131
3131313131313131
3131313131313131
3131313131313131
3131313131313131
3131313131313131
3131313131313131
3131313131313131
3131313131313131
3131313131313131
3131313131313131
3131313131313131
3131313131313131
3131313131313131
3131313131313131
3131313131313131
3131313131313131
3131313131313131
3131313131313131
3131313131313131
3131313131313131
3131313131313131
3131313131313131
3131313131313131
3131313131313131
3131313131313131
3131313131313131
3131313131313131
3131313131313131
3131313131313131
3131313131313131
3131313131313131
3131313131313131
3131313131313131
3131313131313131
3131313131313131
3131313131313131
3131313131313131
3131313131313131
3131313131313131
3131313131313131
3131313131313131
3131313131313131
3131313131313131
3131313131313131
3131313131313131
3131313131313131
3131313131313131
3131313131313131
3131313131313131
3131313131313131
3131313131313131
3131313131313131
3131313131313131
3131313131313131
3131313131313131
3131313131313131
3131313131313131
3131313131313131
3131313131313131
3131313131313131
3131313131313131
3131313131313131
3131313131313131
3131313131313131
3131313131313131
3131313131313131
3131313131313131
3131313131313131
3131313131313131
3131313131313131
3131313131313131
3131313131313131
3131313131313131
3131313131313131
3131313131313131
3131313131313131
3131313131313131
3131313131313131
3131313131313131
3131313131313131
3131313131313131
3131313131313131
3131313131313131
3131313131313131
3131313131313131
3131313131313131
3131313131313131
3131313131313131
3131313131313131
3131313131313131
3131313131313131
3131313131313131
3131313131313131
3131313131313131
3131313131313131
3131313131313131
3131313131313131
3131313131313131
3131313131313131
3131313131313131
3131313131313131
3131313131313131
3131313131313131
3131313131313131
3131313131313131
3131313131313131
3131313131313131
3131313131313131
3131313131313131
3131313131313131
3131313131313131
3131313131313131
3131313131313131
3131313131313131
3131313131313131
3131313131313131
3131313131313131
3131313131313131
3131313131313131
3131313131313131
3131313131313131
3131313131313131
3131313131313131
3131313131313131
3131313131313131
3131313131313131
3131313131313131
3131313131313131
3131313131313131
3131313131313131
3131313131313131
3131313131313131
3131313131313131
3131313131313131
3131313131313131
3131313131313131
3131313131313131
3131313131313131
3131313131313131
3131313131313131
3131313131313131
3131313131313131
3131313131313131
3131313131313131
3131313131313131
3131313131313131
1f1f1f1f1f1f1f1f
1f1f1f1f1f1f1f1f
1f1f1f1f1f1f1f1f
1f1f1f1f1f1f1f1f
1f1f1f1f1f1f1f1f
1f1f1f1f1f1f1f1f
1f1f1f1f1f1f1f1f
1f1f1f1f1f1f1f1f
1f1f1f1f1f1f1f1f
1f1f1f1f1f1f1f1f
1f1f1f1f1f1f1f1f
1f1f1f1f1f1f1f1f
1f1f1f1f1f1f1f1f
1f1f1f1f1f1f1f1f
1f1f1f1f1f1f1f1f
1f1f1f1f1f1f1f1f
1f1f1f1f1f1f1f1f
1f1f1f1f1f1f1f1f
1f1f1f1f1f1f1f1f
1f1f1f1f1f1f1f1f
1f1f1f1f1f1f1f1f
1f1f1f1f1f1f1f1f
1f1f1f1f1f1f1f1f
1f1f1f1f1f1f1f1f
1f1f1f1f1f1f1f1f
1f1f1f1f1f1f1f1f
1f1f1f1f1f1f1f1f
1f1f1f1f1f1f1f1f
1f1f1f1f1f1f1f1f
1f1f1f1f1f1f1f1f
1f1f1f1f1f1f1f1f
1f1f1f1f1f1f1f1f
3131313131313131
3131313131313131
3131313131313131
3131313131313131
3131313131313131
3131313131313131
3131313131313131
3131313131313131
3131313131313131
3131313131313131
3131313131313131
3131313131313131
3131313131313131
3131313131313131
3131313131313131
3131313131313131
3131313131313131
3131313131313131
3131313131313131
3131313131313131
3131313131313131
3131313131313131
3131313131313131
3131313131313131
3131313131313131
3131313131313131
3131313131313131
3131313131313131
3131313131313131
3131313131313131
3131313131313131
3131313131313131
3131313131313131
3131313131313131
3131313131313131
3131313131313131
3131313131313131
3131313131313131
3131313131313131
3131313131313131
3131313131313131
3131313131313131
3131313131313131
3131313131313131
3131313131313131
3131313131313131
3131313131313131
3131313131313131
3131313131313131
3131313131313131
3131313131313131
3131313131313131
3131313131313131
3131313131313131
3131313131313131
3131313131313131
3131313131313131
3131313131313131
3131313131313131
3131313131313131
3131313131313131
3131313131313131
3131313131313131
3131313131313131
3131313131313131
3131313131313131
3131313131313131
3131313131313131
3131313131313131
3131313131313131
3131313131313131
3131313131313131
3131313131313131
3131313131313131
3131313131313131
3131313131313131
3131313131313131
3131313131313131
3131313131313131
3131313131313131
3131313131313131
3131313131313131
3131313131313131
3131313131313131
3131313131313131
3131313131313131
3131313131313131
3131313131313131
3131313131313131
3131313131313131
3131313131313131
3131313131313131
3131313131313131
3131313131313131
3131313131313131
3131313131313131
3131313131313131
3131313131313131
3131313131313131
3131313131313131
3131313131313131
3131313131313131
3131313131313131
3131313131313131
3131313131313131
3131313131313131
3131313131313131
3131313131313131
3131313131313131
3131313131313131
3131313131313131
3131313131313131
3131313131313131
3131313131313131
3131313131313131
3331313131313131
3333313131313131
3535313131313131
3135313131313131
3135313131313131
3131313131313131
3131313131313131
3131313131313131
3333333333333333
3131313131313131
3131313131313131
3131313131313131
3131313131333131
3131313131313131
3131313131313131
3131313131313131
3131313131313131
3131313131313131
3131313131313131
3131313131313131
3131313131313131
3131313131313131
3131313131313131
3131313131313131
3131313131313131
3131313131313131
3131313131313131
3131313131313131
3131313131313131
3131313131313131
3131313131313131
3131313131313131
3335333333333333
3533313131313131
3535313131313131
3531313131313131
3331313133313131
3131313131313131
3131313131313131
3131313131313131
3333333333333131
3333333333353331
0d0d0d0d0d333531
0d0d0d0d0d313531
0d0d0d0d0d0d3531
3131313131313131
3131313131313131
3131313131313131
3131313131313131
3131313131313131
3131313131313131
3131313131313131
3131313131313131
3537373737353131
3735373737353131
3535373535333131
3333353333333131
3333353533333131
3333333333333131
3131313131313131
3131313131313131
3131313131313131
3131313131313131
3131313131313131
3333333333333333
3333333333333333
0d0d0d0d0d0d0d0d
0d0d0d0d0d0d0d0d
0d0d0d0d0d0d0d0d
3131313131313131
3131313131313131
3131313131313131
3333333131333533
3131353331373533
313135333137310d
3131353331350d0d
3131333331350d0d
3535353737373535
3535373737373535
3737373735373737
3335353333350d35
3335353333350d37
3333333333333333
3131313131313131
3131313131313131
3737373537353737
3737373737353737
3737373737373737
35353333350d3533
35353333350d3733
3333333333333333
3131313131313131
3131313131313131
3131313131313131
3131313131313131
3131313131313131
3333333333333333
3131313131313131
3131313131313131
3131313131313131
3131313131313133
3131313131313131
3131313131313131
3131313131313131
3131353333333333
3131353331313131
3131353331313131
3331333131313131
3333333131333331
0d0d0d3537353735
0d0d0d3737373735
0d0d0d3737353537
353333350d353333
353333350d373333
3333333333333333
3131313131313131
3131313131313131
0d0d0d0d0d0d0d0d
0d0d0d0d0d0d0d0d
0d0d0d0d0d0d0d0d
3333350d35333335
3333350d37333335
3333333333333333
3131313131313131
3131313131313131
3131313131313131
3131313131313131
3131313131313131
3333333333333333
3333333333333335
0d0d0d0d0d0d0d37
0d0d0d0d0d0d0d35
0d0d0d0d0d0d0d33
3131313131313131
3131313131313131
3131313131313131
3333333333333333
3333333333333333
0d0d0d0d0d0d0d0d
0d0d0d0d0d0d0d0d
0d0d0d0d0d0d0d0d
3733333737310d0d
35353737370d0d0d
35313735350d0d0d
3737353533333535
3335353733333535
3333333333333333
3131313131313131
3131313131313131
3333353533350d35
3537373533350d37
3737373533330d33
3535373533353533
3735373535373533
3535373737373333
3131313131313131
3131313131313131
3131313131313131
3131313131313131
3131313131313131
3131313131313135
3131313131313337
3131313131313337
3131313131313333
3131313131313531
3131313131313131
3131313131313131
3131313131313131
3131313131313131
3333333531313131
0d0d313731313131
0d0d0d3731313131
0d0d0d3531313131
3131353135373533
3131353535353535
3131353535353735
3131373737353735
3131373535373533
3131353735353735
3131313131313131
3131313131313131
3131313131313131
3131313131313131
3131313131313131
3131313131313131
3131313131313131
3131313131313131
3131313131313131
3131313131313131
3131313131313131
3131313131313131
3131313131313131
3131313131313131
3333333333333333
0d0d0d0d0d0d0d0d
0d0d0d0d0d0d0d0d
0d0d0d0d0d0d0d0d
3131313131313131
3131313131313131
3131313131313131
3131313131313131
3131313533333333
313133350d0d0d0d
313135310d0d0d0d
3131350d0d0d0d0d
3131313131313131
3131313131313131
3131313131313131
3131313131313131
3131313131313131
3131313131313131
3131313131313131
3131313131313131
3131313131313131
3131313131313131
3131313131313131
3131313131313131
3131313131313131
3131313131313131
3131313131313131
3131313131313131
3131313131313131
3131313131313131
3131313131313131
3131313131313131
3131313131313131
3131313131313131
3131313131313131
3131313131313131
3131313131313131
3131313131313131
3131313131313131
3131313131313131
3333333333353331
3131313131373531
3131313131313731
3131313131313731
3131313131313131
3131313131313131
3131313131313131
3131313131313131
3131313131313131
3131313131313131
3131313131313131
3131313131313131
3131313131313131
3131313131313131
3131313131313131
3131313131313131
3131313131313131
3131313131313131
3131313131313131
3131313131313131
3131313131313131
3131313131313131
3131313131313131
3131313131313131
3333333333333333
3131313131313131
3131313131313131
3131313131313131
3131313131313131
3131313131313131
3131313131313131
3131313131313131
3131313131333533
3131313131353331
3131313131373131
3131313131353131
3131313131313131
3131313131313131
3131313131313131
3131313131313131
3131313131313131
3131313131313131
3131313131313131
3131313131313131
3131313131313131
3131313131313131
3131313131313131
3131313131313131
3131313131313131
3131313131313131
3131313131313131
3131313131313131
3131313131313131
3131313131313131
3131313131313131
3131313131313131
3131313131313131
3131313131313131
3131313131313131
3131313131313131
3131313131313131
3131313131313131
3131313131313131
3131313131313131
3131313131313131
3131313131313131
3131313131313131
3131313131313131
3131313131313131
3131313131313131
3131313131313131
3131313131313131
3131313131313131
3131313131313131
3131313131313131
3131313131313131
3131313131313131
3131313131313131
3131313131313131
3131313131313131
3131313131313131
3131313131313131
3131313131313131
3131313131313131
3131313131313131
3131313131313131
3131313131313131
3131313131313131
3131313131313131
3131313131313131
3131313131313131
3131313131313131
3131313131313131
3131313131313131
3131313131313131
3131313131313131
3131313131313131
3131313131313131
3131313131313131
3131313131313131
3131313131313131
3131313131313131
3131313131313131
3131313131313131
3131313131313131
3131313131313131
3131313131313131
3131313131313131
3131313131313131
3131313131313131
3131313131313131
3131313131313131
3131313131313131
3131313131313131
3131313131313131
3131313131313131
3131313131313131
3131313131313131
3131313131313131
3131313131313131
3131313131313131
3131313131313131
3131313131313131
3131313131313131
3131313131313131
3131313131313131
3131313131313131
3131313131313131
3131313131313131
3131313131313131
3131313131313131
3131313131313131
1f1f1f1f1f1f1f1f
1f1f1f1f1f1f1f1f
1f1f1f1f1f1f1f1f
1f1f1f1f1f1f1f1f
1f1f1f1f1f1f1f1f
1f1f1f1f1f1f1f1f
1f1f1f1f1f1f1f1f
1f1f1f1f1f1f1f1f
1f1f1f1f1f1f1f1f
1f1f1f1f1f1f1f1f
1f1f1f1f1f1f1f1f
1f1f1f1f1f1f1f1f
1f1f1f1f1f1f1f1f
1f1f1f1f1f1f1f1f
1f1f1f1f1f1f1f1f
1f1f1f1f1f1f1f1f
1f1f1f1f1f1f1f1f
1f1f1f1f1f1f1f1f
1f1f1f1f1f1f1f1f
1f1f1f1f1f1f1f1f
1f1f1f1f1f1f1f1f
1f1f1f1f1f1f1f1f
1f1f1f1f1f1f1f1f
1f1f1f1f1f1f1f1f
1f1f1f1f1f1f1f1f
1f1f1f1f1f1f1f1f
1f1f1f1f1f1f1f1f
1f1f1f1f1f1f1f1f
1f1f1f1f1f1f1f1f
1f1f1f1f1f1f1f1f
1f1f1f1f1f1f1f1f
1f1f1f1f1f1f1f1f
3131313131313131
3131313131313131
3131313131313131
3131313131313131
3131313131313131
3131313131313131
3131313131313131
3131313131313131
3131313131313131
3131313131313131
3131313131313131
3131313131313131
3131313131313131
3131313131313131
3131313131313131
3131313131313131
3131313131313131
3131313131313131
3131313131313131
3131313131313131
3131313131313131
3131313131313131
3131313131313131
3131313131313131
3131313131313131
3131313131313131
3131313131313131
3131313131313131
3131313131313131
3131313131313131
3131313131313131
3131313131313131
3131313131313131
3131313131313131
3131313131313131
3131313131313131
3131313131313131
3131313131313131
3131313131313131
3131313131313131
3131313131313131
3131313131313131
3131313131313131
3131313131313131
3131313131313131
3131313131313131
3131313131313131
3131313131313131
3131313131313131
3131313131313131
3131313131313131
3131313131313131
3131313131313131
3131313131313131
3131313131313131
3131313131313131
3131313131313131
3131313131313131
3131313131313131
3131313131313131
3131313131313131
3131313131313131
3131313131313131
3131313131313131
3131313131313131
3131313131313131
3131313131313131
3131313131313131
3131313131313131
3131313131313131
3131313131313131
3131313131313131
3131313131313131
3131313131313131
3131313131313131
3131313131313131
3131313131313131
3131313131313131
3131313131313131
3131313131313131
3131313131313131
3131313131313131
3131313131313131
3131313131313131
3131313131313131
3131313131313131
3131313131313131
3131313131313131
3131313131313131
3131313131313131
3131313131313131
3131313131313131
3131313131313131
3131313131313131
3131313131313131
3131313131313131
3133313131313131
3133313131313131
3133313131313131
3133313131313131
3133313131313131
3333313131313131
3333313131313131
3333313131313131
3131313131313331
3131313131333333
3131313131313333
3131313131333333
3131313131313333
3131313131333333
3131313131333333
3131313131333333
3333313131313131
3333313131313131
3333313131313131
3333313131313131
3333313131313131
3333313131313131
3333313131313131
3133313131313131
3131313131333333
3131313131333333
3131313131333333
3131313131333333
3131313131333333
3131313131333333
3131313131333333
3131313131313133
3331313333313131
3331333333313131
3331333331313131
3331333333313131
3333333331313131
3333333333313131
3333333333313131
3333333333313131
0d0d0d0d0d0d3531
0d3533330d0d3331
0d3733350d0d3331
0d3731350d0d3331
0d3531370d0d3331
0d3731370d0d3331
0d3531350d0d3331
313535370d0d3331
3333333333313131
3333333333313131
3333333333313131
3333333333313131
3333333333313131
3333333333313131
3333333333313131
3331333331313131
353337350d0d3331
353135370d0d3331
373335370d0d3331
353537350d0d3331
37353733330d3331
37373531350d3331
35353533350d3331
37373335370d3331
0d0d0d0d0d0d0d0d
370d0d0d0d0d0d0d
37330d0d0d0d0d0d
37350d0d0d0d0d0d
37370d0d0d0d0d0d
35350d0d0d0d0d0d
31370d0d0d0d0d0d
31370d0d0d0d0d0d
3331313331330d0d
3331313331330d0d
3333313331330d0d
3333313331330d0d
3333313331330d0d
3333313331330d33
3333313331330d35
3333313331330d37
3135330d0d0d0d0d
3131370d0d0d0d0d
3131370d0d0d0d0d
3131370d0d0d0d0d
3131370d0d0d0d0d
313135330d0d0d0d
3131370d0d0d0d0d
3131370d0d0d0d0d
3333313331330d37
3333313331330d37
3333333331333135
3333313331333533
3333313331333731
3333313331333731
3331333331333731
3133313331333533
3131313131313133
3131313131313133
3131313131313133
3131313131313133
3131313131313133
3131313131313133
3131313131313333
3131313131313133
3333333133333131
3333333133333331
3331313133333331
3331313333333331
3331313333333131
3331313333333331
3331313333333331
3331333333333331
3131313131313133
3131313131313133
3131313131313133
3131313131313133
3131313131313333
3131313131313133
3131313131313133
3131313131313131
3331333333333331
3331333333333131
3331333333333131
3331333333333331
3331333333333331
3331333333333331
3331333333313331
3331333331333131
0d0d0d0d0d0d0d31
0d0d0d33310d0d31
0d0d0d33310d0d31
0d0d3131330d0d31
0d0d3131330d0d31
0d0d310531310d31
0d0d330531310d31
0d0d333131310d31
0d0d0d0d0d0d0d0d
0d0d0d0d0d0d0d0d
0d31330d0d0d0d0d
0d3331330d0d0d0d
0d3305330d0d0d0d
0d3305330d0d0d0d
0d3105310d0d0d0d
0d3105310d0d0d0d
0d0d333331330d31
0d0d333331330d31
0d0d313333330d31
0d0d333333330d31
0d0d313331310d31
0d31313133330d31
0d31313333330d31
0d33053333313131
0d3105310d0d0d0d
31330533310d0d0d
33330533330d0d0d
3131053133310d0d
0505050531310d0d
0505050505310d0d
0505050505330d0d
0505310505330d0d
3131313131313331
3131313131313331
3131313131313331
3131313131313331
3131313131313331
3131313131313331
3131313131313331
3131313131313331
0d0d0d3331313131
350d0d3331313131
35350d3331313131
31370d3331313131
31370d3331313131
3535333331313131
3731353331313131
3731373331313131
3131313131313331
3131313131313331
3131313131313331
3131313131313333
3131313131313333
3131313131313331
3131313131313331
3131313131313331
3533373331313131
3135353331313131
0d35353331313131
0d35373331313131
0d35373331313131
0d35353331313131
0d35353331313131
0d35373331313131
0d0d0d0d0d0d0d0d
0d0d0d0d0d0d3537
0d0d0d0d0d353531
0d0d0d0d0d373131
0d0d0d0d0d373131
0d0d0d0d31353335
0d0d0d0d3533350d
0d0d0d0d3731370d
3131330d0d0d0d0d
3131330d0d0d370d
3131330d0d35370d
3131330d0d37370d
3131330d0d37370d
3131330d0d373531
3131330d0d373335
3131330d31353137
0d0d0d0d3731350d
0d0d0d0d3533350d
0d0d0d0d3535310d
350d0d0d35330d0d
370d0d0d35350d0d
350d0d0d33350d0d
370d0d0d35350d0d
350d0d0d35350d0d
3131330d35333137
3131330d37313137
3131330d37313137
3131330d37313133
3131333135313131
3131333535313131
3131330d37313131
3131330d37313133
3131313131313131
3131313131313131
3131313131313131
3131313131313131
3131313131313131
3131313131313131
3131313131313131
3131313131313131
3131313131313531
3131313331313331
3131313531313331
3131313731313331
3131333731313331
3131353531313331
3131353531313331
3131353335313331
3131313131313131
3131313131313131
3131313131313131
3131313131313131
3131313131313131
3131313131313131
3131313131313131
3131313131313131
3133353137313331
3135313137313331
3135313135313331
3135313133333331
3135313131333331
3133313131333331
3135313531333331
3135333733353331
3131313131313131
3131313131313131
3131313131313131
3131313131313131
3131313131313131
3131313131313131
3131313131313131
3131313131313131
3131313131353131
3131313131333131
3131313131333131
3131313131333131
3131313131333131
3131313131333131
3131313131333131
3131313131333131
3131313131313131
3131313131313131
3131313131313131
3131313131313131
3131313131313131
3131313131313131
3131313131313131
3131313131313131
3131313131333131
3131313131333131
3131313131333131
3131313131333131
3131313131333131
3131313131333131
3131313131333131
3131313131333131
3131313131313131
3131313131313131
3131313131313131
3131313131313131
3131313131313131
3131313131313131
3131313131313131
3131313131313131
3131313131313131
3131313131313131
3131313131313131
3131313131313131
3131313131313131
3131313131313131
3131313131313131
3131313131313131
3131313131313131
3131313131313131
3131313131313131
3131313131313131
3131313131313131
3131313131313131
3131313131313131
3131313131313131
3131313131313131
3131313131313131
3131313131313131
3131313131313131
3131313131313131
3131313131313131
3131313131313131
3131313131313131
3131313131313131
3131313131313131
3131313131313131
3131313131313131
3131313131313131
3131313131313131
3131313131313131
3131313131313131
3131313131313131
3131313131313131
3131313131313131
3131313131313131
3131313131313131
3131313131313131
3131313131313131
3131313131313131
3131313131313131
3131313131313131
3131313131313131
3131313131313131
3131313131313131
3131313131313131
3131313131313131
3131313131313131
3131313131313131
3131313131313131
3131313131313131
3131313131313131
3131313131313131
3131313131313131
3131313131313131
3131313131313131
3131313131313131
3131313131313131
3131313131313131
3131313131313131
3131313131313131
3131313131313131
3131313131313131
3131313131313131
3131313131313131
3131313131313131
3131313131313131
3131313131313131
3131313131313131
3131313131313131
3131313131313131
3131313131313131
3131313131313131
3131313131313131
3131313131313131
3131313131313131
3131313131313131
3131313131313131
3131313131313131
3131313131313131
3131313131313131
3131313131313131
3131313131313131
3131313131313131
3131313131313131
3131313131313131
3131313131313131
3131313131313131
1f1f1f1f1f1f1f1f
1f1f1f1f1f1f1f1f
1f1f1f1f1f1f1f1f
1f1f1f1f1f1f1f1f
1f1f1f1f1f1f1f1f
1f1f1f1f1f1f1f1f
1f1f1f1f1f1f1f1f
1f1f1f1f1f1f1f1f
1f1f1f1f1f1f1f1f
1f1f1f1f1f1f1f1f
1f1f1f1f1f1f1f1f
1f1f1f1f1f1f1f1f
1f1f1f1f1f1f1f1f
1f1f1f1f1f1f1f1f
1f1f1f1f1f1f1f1f
1f1f1f1f1f1f1f1f
1f1f1f1f1f1f1f1f
1f1f1f1f1f1f1f1f
1f1f1f1f1f1f1f1f
1f1f1f1f1f1f1f1f
1f1f1f1f1f1f1f1f
1f1f1f1f1f1f1f1f
1f1f1f1f1f1f1f1f
1f1f1f1f1f1f1f1f
1f1f1f1f1f1f1f1f
1f1f1f1f1f1f1f1f
1f1f1f1f1f1f1f1f
1f1f1f1f1f1f1f1f
1f1f1f1f1f1f1f1f
1f1f1f1f1f1f1f1f
1f1f1f1f1f1f1f1f
1f1f1f1f1f1f1f1f
3131313131313131
3131313131313131
3131313131313131
3131313131313131
3131313131313131
3131313131313131
3131313131313131
3131313131313131
3131313131313131
3131313131313131
3131313131313131
3131313131313131
3131313131313131
3131313131313131
3131313131313131
3131313131313131
3131313131313131
3131313131313131
3131313131313131
3131313131313131
3131313131313131
3131313131313131
3131313131313131
3131313131313131
3131313131313131
3131313131313131
3131313131313131
3131313131313131
3131313131313131
3131313131313131
3131313131313131
3131313131313131
3131313131313131
3131313131313131
3131313131313131
3131313131313131
3131313131313131
3131313131313131
3131313131313131
3131313131313131
3131313131313131
3131313131313131
3131313131313131
3131313131313131
3131313131313131
3131313131313131
3131313131313131
3131313131313131
3131313131313131
3131313131313131
3131313131313131
3131313131313131
3131313131313131
3131313131313131
3131313131313131
3131313131313131
3131313131313131
3131313131313131
3131313131313131
3131313131313131
3131313131313131
3131313131313131
3131313131313131
3131313131313131
3131313131313131
3131313131313131
3131313131313131
3131313131313131
3131313131313131
3131313131313131
3131313131313131
3131313131313131
3131313131313131
3131313131313131
3131313131313131
3131313131313131
3131313131313131
3131313131313131
3131313131313131
3131313131313131
3131313131313131
3131313131313131
3131313131313131
3131313131313131
3131313131313131
3131313131313131
3131313131313131
3131313131313131
3131313131313131
3131313131313131
3131313131313131
3131313131313131
3131313131313131
3131313131313131
3131313131313131
3131313131313131
3133313131313131
3133313131313131
3133313131313131
3133313131313131
3133313131313131
3133313131313131
3133313131313131
3133313131313131
3131313131313131
3131313131313131
3131313131313131
3131313131313131
3131313131313131
3131313131313131
3131313131313131
3131313131313131
3133313131313131
3133313131313131
3133313131313131
3133313131313131
3133313131313131
3133313131313131
3133313131313131
3133313131313131
3131313131313131
3131313131313131
3131313131313131
3131313131313131
3131313131313131
3131313131313131
3131313131313131
3131313131313131
3331313131313131
3331313131313131
3331313131313131
3331313131313131
3331313131313131
3331313131313131
3331313131313131
3331313131313131
35353335350d3331
35313131370d3331
33313131350d3331
31313131350d3331
31333333370d3331
33350d3535313331
35310d3535333331
370d0d3731353331
3331313131313131
3331313131313131
3331313131313131
3331313131313131
3331313131313131
3331313131313131
3331313131313131
3331313131313131
370d0d3531353331
350d0d3533373331
370d0d3137353331
0d0d0d0d0d0d3331
0d0d0d0d0d0d3331
0d0d0d0d0d0d3331
0d0d0d0d0d0d3331
0d0d0d0d0d0d3331
3131350d0d0d0d0d
3131370d0d0d0d33
3135350d0d0d0d35
31370d0d0d0d0d35
33370d0d0d0d0d37
35350d0d0d0d0d35
37370d0d0d0d0d37
37350d0d0d0d0d35
3131313331330d35
3131313331330d37
3131313331330d37
3131313331330d37
3131313331330d35
3131313331330d31
3131313331330d0d
3131313331330d0d
37330d0d0d0d0d35
370d0d0d0d0d0d37
0d0d0d0d0d0d0d37
0d0d0d0d0d0d0d0d
0d0d0d0d0d0d0d0d
0d0d0d0d0d0d0d0d
0d0d0d0d0d0d0d0d
0d0d0d0d0d0d0d0d
3131313331330d0d
3131313331330d0d
3131313331330d0d
3131313331330d0d
3131313331330d0d
3131313331330d0d
3131313331330d0d
3131313331330d0d
3131313131313131
3131313131313131
3131313131313131
3131313131313131
3131313131313131
3131313131313131
3131313131313131
3131313131313131
3331333133313131
3331333131313131
3331333131313131
3331333131313131
3331333131313131
3331333131313131
3331333131313131
3331333131313131
3131313131313131
3131313131313131
3131313131313131
3131313131313131
3131313131313131
3131313131313131
3131313131313131
3131313131313131
3331333131313131
3331333131313131
3331333131313131
3331333131313131
3331333131313131
3331333131313131
3331333131313131
3331333131313131
0d33053333313131
0d31050505053131
0d33050505053331
0d33050505053331
0d31313131313331
0d33310d0d333331
0d33330d0d333331
3131330d0d313331
0505330505310d0d
0531350531310d0d
3133353133310d0d
33333333330d0d0d
33313331310d0d0d
0d31330d0d0d0d0d
0d3331310d0d0d0d
31330533310d0d0d
3131330d0d333331
3105330d0d333131
3331310d0d333131
0d0d0d0d0d0d0d31
0d0d0d0d0d0d0d31
0d0d0d0d0d0d0d31
0d0d0d0d0d0d0d31
0d0d0d0d0d0d0d31
33313131330d0d0d
31313131310d0d0d
0d0d0d0d0d0d0d0d
0d0d0d0d0d0d0d0d
0d0d0d0d0d0d0d0d
0d0d0d0d0d0d0d0d
0d0d0d0d0d0d0d0d
0d0d0d0d0d0d0d0d
3131313131313331
3131313131313333
3131313131313333
3131313131313331
3131313131313331
3131313131313331
3131313131313331
3131313131313331
0d35373331313131
0d35353331313131
3135353331313131
3533353331313131
3731373331313131
3731353331313131
3535333331313131
31370d3331313131
3131313131313331
3131313131313331
3131313131313331
3131313131313331
3131313131313331
3131313131313331
3131313131313331
3131313131313331
31350d3331313131
33370d3331313131
350d0d3331313131
310d0d3331313131
0d0d0d3331313131
0d0d0d3331313131
0d0d0d3331313131
0d0d0d3331313131
0d0d0d0d35330d0d
0d0d0d0d35353131
0d0d0d0d35353537
0d0d0d0d37313735
0d0d0d0d35313537
0d0d0d0d35333135
0d0d0d0d0d353135
0d0d0d0d33373131
3131330d37313137
3131330d37313137
3131330d35333137
3131330d0d353137
3131330d0d373335
3131330d0d37370d
3131330d0d37350d
3131330d0d37370d
0d0d0d0d35313131
0d0d0d0d37313331
0d0d0d0d37353735
0d0d0d0d37373133
0d0d0d0d37370d0d
0d0d0d0d0d0d0d0d
0d0d0d0d0d0d0d0d
0d0d0d0d0d0d0d0d
3131330d0d33370d
3131330d0d0d370d
3131330d0d0d0d0d
3131330d0d0d0d0d
3131330d0d0d0d0d
3131330d0d0d0d0d
3131330d0d0d0d0d
3131330d0d0d0d0d
3131313131313131
3131313131313131
3131313131313131
3131313131313131
3131313131313131
3131313131313131
3131313131313131
3131313131313131
3137373537313331
3133353735313331
3131353731313331
3131373531313331
3133373335313331
3135333337313331
3131313131313331
3131313131313331
3131313131313131
3131313131313131
3131313131313131
3131313131313131
3131313131313131
3131313131313131
3131313131313131
3131313131313131
3131313131313331
3331313131313331
3531313131313331
3531313131313331
3531313131313331
3531313131313331
3531313131313331
3333313131313331
3131313131313131
3131313131313131
3131313131313131
3131313131313131
3131313131313131
3131313131313131
3131313131313131
3131313131313131
3131313131333131
3131313131333131
3131313131333131
3131313131333131
3131313131333131
3131313131333131
3131313131333131
3131313131333131
3131313131313133
3131313131313135
3131313131313135
3131313131313135
3131313131313135
3131313131313335
3131313131313531
3131313131313531
3131313131333131
3131313131333131
3131313131333131
3131313131333131
3131313131333131
3131313131333131
3131313131333131
3131313131333131
3131313131313131
3131313131313131
3131313131313131
3131313131313131
3131313131313131
3131313131313131
3131313131313131
3131313131313131
3131313131313131
3131313131313131
3131313131313131
3131313131313131
3131313131313131
3131313131313131
3131313131313131
3131313131313131
3131313131313131
3131313131313131
3131313131313131
3131313131313131
3131313131313131
3131313131313131
3131313131313131
3131313131313131
3131313131313131
3131313131313131
3131313131313131
3131313131313131
3131313131313131
3131313131313131
3131313131313131
3131313131313131
3131313131313131
3131313131313131
3131313131313131
3131313131313131
3131313131313131
3131313131313131
3131313131313131
3131313131313131
3131313131313131
3131313131313131
3131313131313131
3131313131313131
3131313131313131
3131313131313131
3131313131313131
3131313131313131
3131313131313131
3131313131313131
3131313131313131
3131313131313131
3131313131313131
3131313131313131
3131313131313131
3131313131313131
3131313131313131
3131313131313131
3131313131313131
3131313131313131
3131313131313131
3131313131313131
3131313131313131
3131313131313131
3131313131313131
3131313131313131
3131313131313131
3131313131313131
3131313131313131
3131313131313131
3131313131313131
3131313131313131
3131313131313131
3131313131313131
3131313131313131
3131313131313131
3131313131313131
3131313131313131
3131313131313131
3131313131313131
3131313131313131
3131313131313131
3131313131313131
3131313131313131
3131313131313131
3131313131313131
3131313131313131
3131313131313131
3131313131313131
3131313131313131
3131313131313131
3131313131313131
3131313131313131
3131313131313131
3131313131313131
3131313131313131
1f1f1f1f1f1f1f1f
1f1f1f1f1f1f1f1f
1f1f1f1f1f1f1f1f
1f1f1f1f1f1f1f1f
1f1f1f1f1f1f1f1f
1f1f1f1f1f1f1f1f
1f1f1f1f1f1f1f1f
1f1f1f1f1f1f1f1f
1f1f1f1f1f1f1f1f
1f1f1f1f1f1f1f1f
1f1f1f1f1f1f1f1f
1f1f1f1f1f1f1f1f
1f1f1f1f1f1f1f1f
1f1f1f1f1f1f1f1f
1f1f1f1f1f1f1f1f
1f1f1f1f1f1f1f1f
1f1f1f1f1f1f1f1f
1f1f1f1f1f1f1f1f
1f1f1f1f1f1f1f1f
1f1f1f1f1f1f1f1f
1f1f1f1f1f1f1f1f
1f1f1f1f1f1f1f1f
1f1f1f1f1f1f1f1f
1f1f1f1f1f1f1f1f
1f1f1f1f1f1f1f1f
1f1f1f1f1f1f1f1f
1f1f1f1f1f1f1f1f
1f1f1f1f1f1f1f1f
1f1f1f1f1f1f1f1f
1f1f1f1f1f1f1f1f
1f1f1f1f1f1f1f1f
1f1f1f1f1f1f1f1f
3131313131313131
3131313131313131
3131313131313131
3131313131313131
3131313131313131
3131313131313131
3131313131313131
3131313131313131
3131313131313131
3131313131313131
3131313131313131
3131313131313131
3131313131313131
3131313131313131
3131313131313131
3131313131313131
3131313131313131
3131313131313131
3131313131313131
3131313131313131
3131313131313131
3131313131313131
3131313131313131
3131313131313131
3131313131313131
3131313131313131
3131313131313131
3131313131313131
3131313131313131
3131313131313131
3131313131313131
3131313131313131
3131313131313131
3131313131313131
3131313131313131
3131313131313131
3131313131313131
3131313131313131
3131313131313131
3131313131313131
3131313131313131
3131313131313131
3131313131313131
3131313131313131
3131313131313131
3131313131313131
3131313131313131
3131313131313131
3131313131313131
3131313131313131
3131313131313131
3131313131313131
3131313131313131
3131313131313131
3131313131313131
3131313131313131
3131313131313131
3131313131313131
3131313131313131
3131313131313131
3131313131313131
3131313131313131
3131313131313131
3131313131313131
3131313131313131
3131313131313131
3131313131313131
3131313131313131
3131313131313131
3131313131313131
3131313131313131
3131313131313131
3131313131313131
3131313131313131
3131313131313131
3131313131313131
3131313131313131
3131313131313131
3131313131313131
3131313131313131
3131313131313131
3131313131313131
3131313131313131
3131313131313131
3131313131313131
3131313131313131
3131313131313131
3131313131313131
3131313131313131
3131313131313131
3131313131313131
3131313131313131
3131313131313131
3131313131313131
3131313131313131
3131313131313131
3133313131313131
3133313131313131
3133313131313131
3133313131313131
3133313131313131
3133313131313131
3133313131313131
3133313131313131
3131313131313131
3131313131313131
3131313131313131
3131313131313131
3131313131313131
3131313131313131
3131313131313131
3131313131313131
3133313131313131
3133313131313131
3133313131313131
3133313131313131
3133313131313131
3133313131313131
3133313131313131
3133313131313131
3131313131313131
3131313131313131
3131313131313131
3131313131313131
3131313131313131
3131313131313131
3131313131313131
3131313131313131
3331313131313131
3331313131313131
3331313131313131
3331313131313131
3331313131313131
3331313131313131
3331313131313131
3331313131313131
0d0d0d0d0d0d3331
0d0d0d0d0d0d3331
0d0d0d0d0d0d3331
0d0d0d0d0d0d3331
0d0d0d0d0d0d3331
0d0d0d0d0d0d3331
0d0d0d0d0d0d3331
0d0d0d0d0d0d3331
3331313131313131
3331313131313131
3331313131313131
3331313131313131
3331313131313131
3331313131313131
3331313131313131
3331313131313131
0d0d0d0d0d0d3331
0d0d0d0d0d0d3331
0d0d0d0d0d0d3331
0d0d0d0d0d0d3331
0d0d0d0d0d0d3331
0d0d0d0d0d0d3331
330d0d0d0d0d3331
350d0d0d0d0d3331
0d0d0d0d0d0d0d0d
0d0d0d0d0d0d0d0d
0d0d0d0d0d33330d
0d0d0d0d0d37350d
0d0d0d0d0d35370d
0d0d0d0d0d37350d
0d0d0d0d0d37370d
0d0d0d0d0d35370d
3131313331330d0d
3131313331330d0d
3131313331330d0d
3131313331330d0d
3131313331330d0d
3131313331330d0d
3131313331330d0d
3131313331330d0d
0d0d0d0d3535370d
0d0d0d0d37313335
0d0d0d0d37313137
0d0d0d0d37313137
0d0d0d0d37313137
0d0d0d3335313137
0d0d0d3533313135
0d0d0d3731313131
3131313331330d0d
3131313331330d0d
3131313331330d0d
3131313331330d0d
3131313331330d0d
3131313331330d0d
3131313331330d0d
3131313331330d0d
3131313131313131
3131313131313131
3131313131313131
3131313131313131
3131313131313131
3131313131313131
3131313131313131
3131313131313131
3331333131313131
3331333131313131
3331333131313131
3331333131313131
3331333131313131
3331333131313131
3331333131313131
3331333131313131
3131313131313131
3131313131313131
3131313131313131
3131313131313131
3131313131313131
3131313131313131
3131313131313131
3131313131313131
3331333131313131
3331333131313131
3331333131313131
3331333131313131
3331333131313131
3331333131313131
3331333131313131
3331333131313131
0d0d0d0d0d0d0d31
0d0d0d0d0d0d0d31
0d0d0d0d0d0d0d31
0d0d0d0d0d0d0d31
0d0d0d0d0d0d0d31
310d0d0d0d0d0d31
330d0d0d0d0d0d31
33310d0d0d0d0d31
0d0d0d0d0d0d0d0d
0d0d0d0d0d0d0d0d
0d0d0d0d0d0d0d0d
0d0d0d0d0d0d0d0d
0d0d0d0d0d0d0d0d
0d0d0d0d0d0d3133
0d0d0d0d0d0d3331
0d0d0d0d0d313305
05330d0d0d0d0d31
05330d0d0d0d0d31
05330d0d0d0d0d31
05310d0d0d0d0d31
05330d0d0d0d0d31
05330d0d0d0d0d31
05310d0d0d0d0d31
05330d0d0d0d0d31
0d0d0d0d0d333105
0d0d0d0d0d330505
0d0d0d0d0d330505
0d0d0d0d0d310505
0d0d0d0d0d330505
0d0d0d0d0d330505
0d0d0d0d0d310505
0d0d0d0d0d330505
3131313131313331
3131313131313331
3131313131313331
3131313131313331
3131313131313331
3131313131313331
3131313131313331
3131313131313331
0d0d0d3331313131
0d0d0d3331313131
0d0d0d3331313131
0d0d0d3331313131
0d0d0d3331313131
0d0d0d3331313131
0d0d0d3331313131
0d0d0d3331313131
3131313131313331
3131313131313331
3131313131313331
3131313131313331
3131313131313331
3131313131313331
3131313131313331
3131313131313331
0d0d0d3331313131
0d0d0d3331313131
0d0d0d3331313131
0d0d0d3331313131
0d0d0d3331313131
0d0d0d3331313131
0d0d0d3331313131
0d0d0d3331313131
0d0d0d0d0d0d0d0d
0d0d0d0d0d0d0d0d
0d0d0d350d0d0d0d
0d0d0d370d0d0d0d
0d0d33350d0d0d0d
0d0d35350d0d0d0d
0d0d3735330d0d0d
0d0d3731350d0d0d
3131330d0d0d0d0d
3131330d0d0d0d0d
3131330d0d0d0d0d
3131330d0d0d0d0d
3131330d0d0d0d0d
3131330d0d0d0d0d
3131330d0d0d0d0d
3131330d0d0d0d0d
0d0d3731370d0d0d
0d0d3731370d0d0d
0d333531370d0d0d
0d353331370d0d0d
0d37313135330d0d
0d37313131350d0d
0d37313131370d0d
0d35313131370d0d
3131330d0d0d0d0d
3131330d0d0d0d0d
3131330d0d0d0d0d
3131330d0d0d0d0d
3131330d0d0d0d0d
3131330d0d0d0d0d
3131330d0d0d0d0d
3131330d0d0d0d0d
3131313131313131
3131313131313131
3131313131313131
3131313131313131
3131313131313131
3131313131313131
3131313131313131
3131313131313131
3137313131313331
3135313131313331
3135313131313331
3135313131313331
3135313131313331
3533313131313331
3731313131313331
3531313131313331
3131313131313131
3131313131313131
3131313131313131
3131313131313131
3131313131313131
3131313131313131
3131313131313131
3131313131313131
3531313131313331
3531313131313331
3331313131313331
3131313131313331
3131313131313331
3131313131313331
3131313131313331
3131313131313331
3131313131313731
3131313131313531
3131313131313531
3131313131313531
3131313131313531
3131313131313531
3131313131313333
3131313131313135
3131313131333131
3131313131333131
3131313131333131
3131313131333131
3131313131333131
3131313131333131
3131313131333131
3131313131333131
3131313131313135
3131313131313137
3131313131313135
3131313131313135
3131313131313131
3131313131313131
3131333331333131
3131353735373331
3131313131333131
3131313131333131
3131313131333131
3131313131333131
3131313131333131
3131313131333131
3131313131333131
3131313131333131
3131313131313131
3131313131313131
3131313131313131
3131313131313131
3131313131313131
3131313131313131
3131313131313131
3131313131313131
3131313131313131
3131313131313131
3131313131313131
3131313131313131
3131313131313131
3131313131313131
3131313131313131
3131313131313131
3131313131313131
3131313131313131
3131313131313131
3131313131313131
3131313131313131
3131313131313131
3131313131313131
3131313131313131
3131313131313131
3131313131313131
3131313131313131
3131313131313131
3131313131313131
3131313131313131
3131313131313131
3131313131313131
3131313131313131
3131313131313131
3131313131313131
3131313131313131
3131313131313131
3131313131313131
3131313131313131
3131313131313131
3131313131313131
3131313131313131
3131313131313131
3131313131313131
3131313131313131
3131313131313131
3131313131313131
3131313131313131
3131313131313131
3131313131313131
3131313131313131
3131313131313131
3131313131313131
3131313131313131
3131313131313131
3131313131313131
3131313131313131
3131313131313131
3131313131313131
3131313131313131
3131313131313131
3131313131313131
3131313131313131
3131313131313131
3131313131313131
3131313131313131
3131313131313131
3131313131313131
3131313131313131
3131313131313131
3131313131313131
3131313131313131
3131313131313131
3131313131313131
3131313131313131
3131313131313131
3131313131313131
3131313131313131
3131313131313131
3131313131313131
3131313131313131
3131313131313131
3131313131313131
3131313131313131
3131313131313131
3131313131313131
3131313131313131
3131313131313131
3131313131313131
3131313131313131
3131313131313131
3131313131313131
3131313131313131
3131313131313131
3131313131313131
3131313131313131
1f1f1f1f1f1f1f1f
1f1f1f1f1f1f1f1f
1f1f1f1f1f1f1f1f
1f1f1f1f1f1f1f1f
1f1f1f1f1f1f1f1f
1f1f1f1f1f1f1f1f
1f1f1f1f1f1f1f1f
1f1f1f1f1f1f1f1f
1f1f1f1f1f1f1f1f
1f1f1f1f1f1f1f1f
1f1f1f1f1f1f1f1f
1f1f1f1f1f1f1f1f
1f1f1f1f1f1f1f1f
1f1f1f1f1f1f1f1f
1f1f1f1f1f1f1f1f
1f1f1f1f1f1f1f1f
1f1f1f1f1f1f1f1f
1f1f1f1f1f1f1f1f
1f1f1f1f1f1f1f1f
1f1f1f1f1f1f1f1f
1f1f1f1f1f1f1f1f
1f1f1f1f1f1f1f1f
1f1f1f1f1f1f1f1f
1f1f1f1f1f1f1f1f
1f1f1f1f1f1f1f1f
1f1f1f1f1f1f1f1f
1f1f1f1f1f1f1f1f
1f1f1f1f1f1f1f1f
1f1f1f1f1f1f1f1f
1f1f1f1f1f1f1f1f
1f1f1f1f1f1f1f1f
1f1f1f1f1f1f1f1f
3131313131313131
3131313131313131
3131313131313131
3131313131313131
3131313131313131
3131313131313131
3131313131313131
3131313131313131
3131313131313131
3131313131313131
3131313131313131
3131313131313131
3131313131313131
3131313131313131
3131313131313131
3131313131313131
3131313131313131
3131313131313131
3131313131313131
3131313131313131
3131313131313131
3131313131313131
3131313131313131
3131313131313131
3131313131313131
3131313131313131
3131313131313131
3131313131313131
3131313131313131
3131313131313131
3131313131313131
3131313131313131
3131313131313131
3131313131313131
3131313131313131
3131313131313131
3131313131313131
3131313131313131
3131313131313131
3131313131313131
3131313131313131
3131313131313131
3131313131313131
3131313131313131
3131313131313131
3131313131313131
3131313131313131
3131313131313131
3131313131313131
3131313131313131
3131313131313131
3131313131313131
3131313131313131
3131313131313131
3131313131313131
3131313131313131
3131313131313131
3131313131313131
3131313131313131
3131313131313131
3131313131313131
3131313131313131
3131313131313131
3131313131313131
3131313131313131
3131313131313131
3131313131313131
3131313131313131
3131313131313131
3131313131313131
3131313131313131
3131313131313131
3131313131313131
3131313131313131
3131313131313131
3131313131313131
3131313131313131
3131313131313131
3131313131313131
3131313131313131
3131313131313131
3131313131313131
3131313131313131
3131313131313131
3131313131313131
3131313131313131
3131313131313131
3131313131313131
3131313131313131
3131313131313131
3131313131313131
3131313131313131
3131313131313131
3131313131313131
3131313131313131
3131313131313131
3133313131313131
3133313131313131
3133313131313131
3133313131313131
3133313131313131
3133313131313131
3133313131313131
3133313131313131
3131313131313131
3131313131313131
3131313131313131
3131313131313131
3131313131313131
3131313131313131
3131313131313131
3131313131313131
3133313131313131
3133313131313131
3133313131313131
3133313131313131
3133313131313131
3133313131313131
3133313131313131
3133313131313131
3131313131313131
3131313131313131
3131313131313131
3131313131313131
3131313131313131
3131313131313131
3131313131313131
3131313131313131
3331313131313131
3331313131313131
3331313131313131
3331313131313131
3331313131313131
3331313131313131
3331313131313131
3331313131313131
370d0d0d0d0d3331
370d0d0d0d0d3331
370d0d0d0d0d3331
37330d0d0d0d3331
33350d0d0d0d3331
31370d0d0d0d3331
31370d0d0d0d3331
31370d0d0d0d3331
3331313131313131
3331313131313131
3331313131313131
3331313131313131
3331313131313131
3331313131313131
3331313131313131
3331313131313131
3135330d0d0d3331
3135330d0d0d3331
31370d0d0d0d3331
31370d0d0d0d3331
31370d0d0d0d3331
33350d0d0d0d3331
35330d0d0d0d3331
370d0d0d0d0d3331
0d0d0d3731313131
0d0d0d3731313131
0d0d313531313131
0d0d353331313131
0d0d373131313131
0d0d373131313131
0d0d373131313131
0d31353131313131
3131313331330d0d
3131313331330d0d
3131313331330d0d
3131313331330d0d
3131313331330d0d
3131313331330d0d
3131313331330d0d
3131313331330d0d
0d35333131313131
0d35333131313131
0d31353131313131
0d0d373131313131
0d0d373131313131
0d0d373131313131
0d0d353331313131
0d0d0d3531313131
3131313331330d0d
3131313331330d0d
3131313331330d0d
3131313331330d0d
3131313331330d0d
3131313331330d0d
3131313331330d0d
3131313331330d0d
3131313131313131
3131313131313131
3131313131313131
3131313131313131
3131313131313131
3131313131313131
3131313131313131
3131313131313131
3331333131313131
3331333131313131
3331333131313131
3331333131313131
3331333131313131
3331333131313131
3331333131313131
3331333131313131
3131313131313131
3131313131313131
3131313131313131
3131313131313131
3131313131313131
3131313131313131
3131313131313131
3131313131313131
3331333131313131
3331333131313131
3331333131313131
3331333131313131
3331333131313131
3331333131313131
3331333131313131
3331333131313131
05330d0d0d0d0d31
05330d0d0d0d0d31
053331310d0d0d31
053333330d0d0d31
053305330d0d0d31
05050531310d0d31
05050505330d0d31
05050505330d0d31
0d0d0d0d0d330505
0d0d0d0d0d330505
0d0d0d0d31330505
0d0d0d3333330505
0d0d0d3305330505
0d0d313105050505
0d0d333105050505
0d0d330505050505
05050505330d0d31
05050505330d0d31
05050505330d0d31
05050505310d0d31
05050505310d0d31
05050505310d0d31
05050505330d0d31
31050505330d0d31
0d0d330505050505
0d0d330505050505
0d0d330505050505
0d0d310505050505
0d0d310505050505
0d0d330505050531
0d0d330505050535
0d0d330505050535
3131313131313331
3131313131313331
3131313131313331
3131313131313331
3131313131313331
3131313131313331
3131313131313331
3131313131313331
0d0d0d3331313131
0d0d0d3331313131
0d0d0d3331313131
0d0d0d3331313131
0d0d0d3331313131
0d0d0d3331313131
0d0d0d3331313131
0d0d0d3331313131
3131313131313331
3131313131313331
3131313131313331
3131313131313331
3131313131313331
3131313131313331
3131313131313331
3131313131313331
0d0d0d3331313131
0d0d0d3331313131
0d0d0d3331313131
0d0d0d3331313131
0d0d0d3331313131
0d0d0d3331313131
0d0d0d3331313131
0d0d0d3331313131
3533313131370d0d
373131313135330d
373131313131350d
353131313131370d
373131313131370d
353131313131370d
3131313131313533
3131313131313135
3131330d0d0d0d0d
3131330d0d0d0d0d
3131330d0d0d0d0d
3131330d0d0d0d0d
3131330d0d0d0d0d
3131330d0d0d0d35
3131330d0d0d0d37
3131330d0d0d0d37
3131313131313137
3131313131313137
3131313131313135
3131313131313533
333131313131370d
373131313131370d
373131313131370d
373131313131350d
3131330d0d0d0d37
3131330d0d0d0d37
3131330d0d0d0d37
3131330d0d0d0d37
3131330d0d0d0d35
3131330d0d0d0d0d
3131330d0d0d0d0d
3131330d0d0d0d0d
3131313131313131
3131313131313131
3131313131313131
3131313131313131
3131313131313131
3131313131313131
3131313131313131
3131313131313131
3131313131313331
3131313131313331
3131313131313331
3131313131313331
3131313131313331
3131313131313331
3131313131313331
3131313131313331
3131313131313131
3131313131313131
3131313131313131
3131313131313131
3131313131313131
3131313131313131
3131313131313131
3131313131313131
3131313131313331
3131313131313331
3131313131313331
3131313131313331
3131313131313331
3131313131313331
3131313131313331
3131313131313331
3131353335313531
3131353137313531
3131333135313331
3131353131313531
3131353131313531
3131353131313531
3131373131333331
3131353131353131
3131313131333131
3131313131333131
3131313131333131
3131313131333131
3131313131333131
3131313131333131
3131313131333131
3131313131333131
3131353131353131
3131313531353131
3131313531353131
3131313531353131
3131313533333131
3131313737313131
3131313335313131
3131313135313131
3131313131333131
3131313131333131
3131313131333131
3131313131333131
3131313131333131
3131313131333131
3131313131333131
3131313131333131
3131313131313131
3131313131313131
3131313131313131
3131313131313131
3131313131313131
3131313131313131
3131313131313131
3131313131313131
3131313131313131
3131313131313131
3131313131313131
3131313131313131
3131313131313131
3131313131313131
3131313131313131
3131313131313131
3131313131313131
3131313131313131
3131313131313131
3131313131313131
3131313131313131
3131313131313131
3131313131313131
3131313131313131
3131313131313131
3131313131313131
3131313131313131
3131313131313131
3131313131313131
3131313131313131
3131313131313131
3131313131313131
3131313131313131
3131313131313131
3131313131313131
3131313131313131
3131313131313131
3131313131313131
3131313131313131
3131313131313131
3131313131313131
3131313131313131
3131313131313131
3131313131313131
3131313131313131
3131313131313131
3131313131313131
3131313131313131
3131313131313131
3131313131313131
3131313131313131
3131313131313131
3131313131313131
3131313131313131
3131313131313131
3131313131313131
3131313131313131
3131313131313131
3131313131313131
3131313131313131
3131313131313131
3131313131313131
3131313131313131
3131313131313131
3131313131313131
3131313131313131
3131313131313131
3131313131313131
3131313131313131
3131313131313131
3131313131313131
3131313131313131
3131313131313131
3131313131313131
3131313131313131
3131313131313131
3131313131313131
3131313131313131
3131313131313131
3131313131313131
3131313131313131
3131313131313131
3131313131313131
3131313131313131
3131313131313131
3131313131313131
3131313131313131
3131313131313131
3131313131313131
3131313131313131
3131313131313131
3131313131313131
3131313131313131
3131313131313131
3131313131313131
3131313131313131
1f1f1f1f1f1f1f1f
1f1f1f1f1f1f1f1f
1f1f1f1f1f1f1f1f
1f1f1f1f1f1f1f1f
1f1f1f1f1f1f1f1f
1f1f1f1f1f1f1f1f
1f1f1f1f1f1f1f1f
1f1f1f1f1f1f1f1f
1f1f1f1f1f1f1f1f
1f1f1f1f1f1f1f1f
1f1f1f1f1f1f1f1f
1f1f1f1f1f1f1f1f
1f1f1f1f1f1f1f1f
1f1f1f1f1f1f1f1f
1f1f1f1f1f1f1f1f
1f1f1f1f1f1f1f1f
1f1f1f1f1f1f1f1f
1f1f1f1f1f1f1f1f
1f1f1f1f1f1f1f1f
1f1f1f1f1f1f1f1f
1f1f1f1f1f1f1f1f
1f1f1f1f1f1f1f1f
1f1f1f1f1f1f1f1f
1f1f1f1f1f1f1f1f
1f1f1f1f1f1f1f1f
1f1f1f1f1f1f1f1f
1f1f1f1f1f1f1f1f
1f1f1f1f1f1f1f1f
1f1f1f1f1f1f1f1f
1f1f1f1f1f1f1f1f
1f1f1f1f1f1f1f1f
1f1f1f1f1f1f1f1f
3131313131313131
3131313131313131
3131313131313131
3131313131313131
3131313131313131
3131313131313131
3131313131313131
3131313131313131
3131313131313131
3131313131313131
3131313131313131
3131313131313131
3131313131313131
3131313131313131
3131313131313131
3131313131313131
3131313131313131
3131313131313131
3131313131313131
3131313131313131
3131313131313131
3131313131313131
3131313131313131
3131313131313131
3131313131313131
3131313131313131
3131313131313131
3131313131313131
3131313131313131
3131313131313131
3131313131313131
3131313131313131
3131313131313131
3131313131313131
3131313131313131
3131313131313131
3131313131313131
3131313131313131
3131313131313131
3131313131313131
3131313131313131
3131313131313131
3131313131313131
3131313131313131
3131313131313131
3131313131313131
3131313131313131
3131313131313131
3131313131313131
3131313131313131
3131313131313131
3131313131313131
3131313131313131
3131313131313131
3131313131313131
3131313131313131
3131313131313131
3131313131313131
3131313131313131
3131313131313131
3131313131313131
3131313131313131
3131313131313131
3131313131313131
3131313131313131
3131313131313131
3131313131313131
3131313131313131
3131313131313131
3131313131313131
3131313131313131
3131313131313131
3131313131313131
3131313131313131
3131313131313131
3131313131313131
3131313131313131
3131313131313131
3131313131313131
3131313131313131
3131313131313131
3131313131313131
3131313131313131
3131313131313131
3131313131313131
3131313131313131
3131313131313131
3131313131313131
3131313131313131
3131313131313131
3131313131313131
3131313131313131
3131313131313131
3131313131313131
3131313131313131
3131313131313131
3133313131313131
3133313131313131
3133313131313131
3133313131313131
3133313131313131
3133313131313131
3133313131313131
3133313131313131
3131313131313131
3131313131313131
3131313131313131
3131313131313131
3131313131313131
3131313131313131
3131313131313131
3131313131313131
3133313131313131
3133313131313131
3333313131313131
3333313131313131
3333313131313131
3333313131313131
3333313131313131
3333313131313131
3131313131313131
3131313131313331
3131313131333133
3131313131333331
3131313131333333
3131313131333333
3131313131333333
3131313131333333
3331313131313131
3331313131313131
3331313131313131
3331313131313131
3331313131313131
3331313131313131
3331313131313131
3331313131313131
370d0d0d0d0d3331
370d0d0d0d0d3331
350d0d0d0d0d3331
330d0d0d0d0d3331
0d0d0d0d0d0d3331
0d0d0d0d0d0d3331
0d0d0d0d0d0d3331
0d0d0d0d0d0d3331
3331313131313131
3331313333313131
3333313133313131
3333333333313131
3333333333313131
3333333333313131
3333333333313131
3333333333313131
0d0d0d0d0d0d3331
0d0d0d0d0d0d3331
0d0d0d0d0d0d3331
0d0d0d0d0d0d3331
0d0d0d0d0d0d3331
0d0d0d0d0d0d3331
0d0d0d0d0d0d3331
0d0d0d0d0d0d3331
0d0d0d3731313131
0d0d0d3731313131
0d0d0d3731313131
0d0d0d3533313135
0d0d0d0d35313137
0d0d0d0d37313137
0d0d0d0d37313137
0d0d0d0d37313137
3131313331330d0d
3131313331330d0d
3131313331330d0d
3131313331330d0d
3131313331330d0d
3131313331330d0d
3131313331330d0d
3131313331330d0d
0d0d0d0d37313335
0d0d0d0d3533370d
0d0d0d0d0d35370d
0d0d0d0d0d37370d
0d0d0d0d0d37350d
0d0d0d0d0d37370d
0d0d0d0d0d37350d
0d0d0d0d0d33330d
3131313331330d0d
3331313331330d0d
3133333331330d0d
3333313331330d0d
3333333331330d0d
3333333331330d0d
3333333331330d0d
3333333331330d0d
3131313131313131
3131313131313131
3131313131313131
3131313131313131
3131313131313131
3131313131313131
3131313131313131
3131313131313131
3331333131313131
3331333131313131
3331333131313131
3331333131313131
3331333131313131
3331333131313131
3331333131313131
3331333131313131
3131313131313131
3131313131313133
3131313131313133
3131313131313133
3131313131313333
3131313131313333
3131313131313133
3131313131313133
3331333131313131
3331333133333131
3331333333333331
3331333333313331
3331333333333331
3331333333333331
3331333333333131
3331333333333131
31050505330d0d31
33050505330d0d31
33050531310d0d31
333105330d0d0d31
0d3331330d0d0d31
313333310d0d0d31
310d0d0d0d0d0d31
330d0d0d0d0d0d31
0d0d330505053133
0d0d330505053333
0d0d313105053333
0d0d0d3305313335
0d0d0d3331333133
0d0d0d3133333133
0d0d0d0d0d0d3131
0d0d0d0d0d0d3305
330d0d0d0d0d0d31
330d0d0d0d0d0d31
33310d0d0d0d0d31
05330d0d0d0d0d31
0533330d0d0d0d31
050533310d0d0d31
313131310d0d0d31
0d0d0d0d0d0d0d31
0d0d0d0d0d0d3305
0d0d0d0d0d0d3305
0d0d0d0d0d313305
0d0d0d0d0d330505
0d0d0d0d33330505
0d0d0d0d33050505
0d0d0d3133313131
0d0d0d0d0d0d0d0d
3131313131313331
3131313131313331
3131313131313331
3131313131313331
3131313131313331
3131313131313331
3131313131313331
3131313131313331
0d0d0d3331313131
0d0d0d3331313131
0d0d0d3331313131
0d0d0d3331313131
0d0d0d3331313131
0d0d0d3331313131
0d0d0d3331313131
0d0d0d3331313131
3131313131313331
3131313131313331
3131313131313331
3131313131313331
3131313131313331
3131313131313331
3131313131313331
3131313131313331
0d0d0d3331313131
0d0d0d3331313131
0d0d0d3331313131
0d0d0d3331313131
0d0d0d3331313131
0d0d0d3331313131
0d0d0d3331313131
0d0d0d3331313131
373131313135330d
3533313131370d0d
0d35313131370d0d
0d37313131370d0d
0d37313131370d0d
0d37313133350d0d
0d353331370d0d0d
0d333531370d0d0d
3131330d0d0d0d0d
3131330d0d0d0d0d
3131330d0d0d0d0d
3131330d0d0d0d0d
3131330d0d0d0d0d
3131330d0d0d0d0d
3131330d0d0d0d0d
3131330d0d0d0d0d
0d0d3731370d0d0d
0d0d3731370d0d0d
0d0d3731350d0d0d
0d0d3735330d0d0d
0d0d35370d0d0d0d
0d0d33350d0d0d0d
0d0d0d370d0d0d0d
0d0d0d350d0d0d0d
3131330d0d0d0d0d
3131330d0d0d0d0d
3131330d0d0d0d0d
3131330d0d0d0d0d
3131330d0d0d0d0d
3131330d0d0d0d0d
3131330d0d0d0d0d
3131330d0d0d0d0d
3131313131313131
3131313131313131
3131313131313131
3131313131313131
3131313131313131
3131313131313131
3131313131313131
3131313131313131
3131313131313331
3131313131313331
3131313131313331
3131313131313331
3131313131313331
3131313131313331
3131313131313331
3131313131313331
3131313131313131
3131313131313131
3131313131313131
3131313131313131
3131313131313131
3131313131313131
3131313131313131
3131313131313131
3131313131313331
3131313131313331
3131313131313331
3131313131313331
3131313131313331
3131313131313331
3131313131313331
3131313131313331
3131313137313131
3733313137313131
3537313131313131
3335313131313131
3135313131313131
3135313131313131
3135313131313131
3137353131313131
3131313131333131
3131313131333131
3131313131333133
3131313131333135
3131313131333135
3131313131333135
3131313131333135
3131313131333337
3333373131313131
3131333131313131
3131333331313131
3131313331313131
3531333331313131
3733333131313131
3735353131313131
3537373131313131
3131313131333533
3131313131333531
3131313131333531
3131313131333531
3131313131333531
3131313131333531
3131313131333531
3131313131333337
3131313131313131
3131313131313131
3131313131313131
3131313131313131
3131313131313131
3131313131313131
3131313131313131
3131313131313131
3131313131313131
3131313131313131
3131313131313131
3131313131313131
3131313131313131
3131313131313131
3131313131313131
3131313131313131
3131313131313131
3131313131313131
3131313131313131
3131313131313131
3131313131313131
3131313131313131
3131313131313131
3131313131313131
3131313131313131
3131313131313131
3131313131313131
3131313131313131
3131313131313131
3131313131313131
3131313131313131
3131313131313131
3131313131313131
3131313131313131
3131313131313131
3131313131313131
3131313131313131
3131313131313131
3131313131313131
3131313131313131
3131313131313131
3131313131313131
3131313131313131
3131313131313131
3131313131313131
3131313131313131
3131313131313131
3131313131313131
3131313131313131
3131313131313131
3131313131313131
3131313131313131
3131313131313131
3131313131313131
3131313131313131
3131313131313131
3131313131313131
3131313131313131
3131313131313131
3131313131313131
3131313131313131
3131313131313131
3131313131313131
3131313131313131
3131313131313131
3131313131313131
3131313131313131
3131313131313131
3131313131313131
3131313131313131
3131313131313131
3131313131313131
3131313131313131
3131313131313131
3131313131313131
3131313131313131
3131313131313131
3131313131313131
3131313131313131
3131313131313131
3131313131313131
3131313131313131
3131313131313131
3131313131313131
3131313131313131
3131313131313131
3131313131313131
3131313131313131
3131313131313131
3131313131313131
3131313131313131
3131313131313131
3131313131313131
3131313131313131
3131313131313131
3131313131313131
1f1f1f1f1f1f1f1f
1f1f1f1f1f1f1f1f
1f1f1f1f1f1f1f1f
1f1f1f1f1f1f1f1f
1f1f1f1f1f1f1f1f
1f1f1f1f1f1f1f1f
1f1f1f1f1f1f1f1f
1f1f1f1f1f1f1f1f
1f1f1f1f1f1f1f1f
1f1f1f1f1f1f1f1f
1f1f1f1f1f1f1f1f
1f1f1f1f1f1f1f1f
1f1f1f1f1f1f1f1f
1f1f1f1f1f1f1f1f
1f1f1f1f1f1f1f1f
1f1f1f1f1f1f1f1f
1f1f1f1f1f1f1f1f
1f1f1f1f1f1f1f1f
1f1f1f1f1f1f1f1f
1f1f1f1f1f1f1f1f
1f1f1f1f1f1f1f1f
1f1f1f1f1f1f1f1f
1f1f1f1f1f1f1f1f
1f1f1f1f1f1f1f1f
1f1f1f1f1f1f1f1f
1f1f1f1f1f1f1f1f
1f1f1f1f1f1f1f1f
1f1f1f1f1f1f1f1f
1f1f1f1f1f1f1f1f
1f1f1f1f1f1f1f1f
1f1f1f1f1f1f1f1f
1f1f1f1f1f1f1f1f
3131313131313131
3131313131313131
3131313131313131
3131313131313131
3131313131313131
3131313131313131
3131313131313131
3131313131313131
3131313131313131
3131313131313131
3131313131313131
3131313131313131
3131313131313131
3131313131313131
3131313131313131
3131313131313131
3131313131313131
3131313131313131
3131313131313131
3131313131313131
3131313131313131
3131313131313131
3131313131313131
3131313131313131
3131313131313131
3131313131313131
3131313131313131
3131313131313131
3131313131313131
3131313131313131
3131313131313131
3131313131313131
3131313131313131
3131313131313131
3131313131313131
3131313131313131
3131313131313131
3131313131313131
3131313131313131
3131313131313131
3131313131313131
3131313131313131
3131313131313131
3131313131313131
3131313131313131
3131313131313131
3131313131313131
3131313131313131
3131313131313131
3131313131313131
3131313131313131
3131313131313131
3131313131313131
3131313131313131
3131313131313131
3131313131313131
3131313131313131
3131313131313131
3131313131313131
3131313131313131
3131313131313131
3131313131313131
3131313131313131
3131313131313131
3131313131313131
3131313131313131
3131313131313131
3131313131313131
3131313131313131
3131313131313131
3131313131313131
3131313131313131
3131313131313131
3131313131313131
3131313131313131
3131313131313131
3131313131313131
3131313131313131
3131313131313131
3131313131313131
3131313131313131
3131313131313131
3131313131313131
3131313131313131
3131313131313131
3131313131313131
3131313131313131
3131313131313131
3131313131313131
3131313131313131
3131313131313131
3131313131313131
3131313131313131
3131313131313131
3131313131313131
3131313131313131
3333313131313131
3333313131313131
3333313131313131
3333313131313131
3333313131313131
3133313131313131
3133313131313131
3133313131313131
3131313131333333
3131313131333333
3131313131333333
3131313131333333
3131313131313333
3131313131333333
3131313131333333
3131313131333333
3133313131313131
3133313131313131
3135313131313131
3135313131313131
3333313131313131
3333313131313131
3131313131313131
3131313131313131
3131313131333331
3131313131333331
3131313131313131
3131313131313131
3131313131313131
3333333333333333
3131313131313131
3131313131313131
3333333333313131
3333333333313131
3333333333313131
3333333333313131
3333333333313131
3331333333313131
3331333333313131
3331333333313131
0d0d0d0d0d0d3331
0d0d0d0d0d0d3331
0d0d0d0d0d0d3331
0d0d0d0d0d0d3331
0d0d0d0d0d0d3331
0d0d0d0d0d0d3331
0d0d0d0d0d0d3331
0d0d0d0d0d0d3331
3331313333313131
3331313333313131
3331313131313131
3531313131313131
3533313131313131
3333333333333333
3133313131313131
3131313131313131
0d0d0d0d0d0d3331
0d0d0d0d0d0d3531
0d0d0d0d0d0d3531
0d0d0d0d0d313531
3333333333373331
3333333333353331
3131313131333131
3131313131313131
0d0d0d0d0d0d0d0d
0d0d0d0d0d0d0d0d
0d0d0d0d0d0d0d0d
0d0d0d0d0d0d0d0d
0d0d0d0d0d0d0d0d
0d0d0d0d0d0d0d0d
0d0d0d0d0d0d0d0d
0d0d0d0d0d0d0d0d
3333333331330d0d
3333313331330d0d
3333313331330d0d
3333313331330d0d
3333313331330d0d
3333313331330d0d
3333313331330d0d
3331313331330d0d
0d0d0d0d0d0d0d0d
0d0d0d0d0d0d0d0d
0d0d0d0d0d0d0d0d
0d0d0d0d0d0d0d0d
3333333333333333
3333333333333333
3131313131313131
3131313131313131
3331313331330d0d
3131313331350d0d
3131333331370d0d
3131333331370d0d
3131333331373333
3333353131353333
3131313131313331
3131313131313131
3131313131313133
3131313131313133
3131313131313133
3131313131313333
3131313131313133
3131313131313133
3131313131313133
3131313131313133
3331333333333331
3331333333333331
3331313333333331
3331313333333331
3331313333333331
3331313333333131
3331313333333331
3331333133333131
3131313131313133
3131313131313133
3131313131313131
3131313131313131
3131313131313131
3333333333333333
3131313131313131
3131313131313131
3333333133333331
3333333131333331
3333333131313131
3133333131313131
3131333131313131
3131353333333333
3131313131313131
3131313131313131
0d0d0d0d0d0d0d31
0d0d0d0d0d0d0d31
0d0d0d0d0d0d0d31
0d0d0d0d0d0d0d31
0d0d0d0d0d0d0d31
0d0d0d0d0d0d0d31
0d0d0d0d0d0d0d31
0d0d0d0d0d0d0d31
0d0d0d0d0d0d0d0d
0d0d0d0d0d0d0d0d
0d0d0d0d0d0d0d0d
0d0d0d0d0d0d0d0d
0d0d0d0d0d0d0d0d
0d0d0d0d0d0d0d0d
0d0d0d0d0d0d0d0d
0d0d0d0d0d0d0d0d
0d0d0d0d0d0d0d31
0d0d0d0d0d0d0d31
0d0d0d0d0d0d0d35
0d0d0d0d0d0d0d37
3333333333333337
3333333333333333
3131313131313131
3131313131313131
0d0d0d0d0d0d0d0d
0d0d0d0d0d0d0d0d
0d0d0d0d0d0d0d0d
0d0d0d0d0d0d0d0d
3333333333333333
3333333333333333
3131313131313131
3131313131313131
3131313131313331
3131313131313331
3131313131313331
3131313131313331
3131313131313331
3131313131313331
3131313131313331
3131313131313331
0d0d0d3331313131
0d0d0d3331313131
0d0d0d3331313131
0d0d0d3331313131
0d0d0d3331313131
0d0d0d3331313131
0d0d0d3331313131
0d0d0d3331313131
3131313131313331
3131313131313531
3131313131313533
3131313131313335
3131313131313337
3131313131313135
3131313131313133
3131313131313131
0d0d0d3331313131
0d0d0d3531313131
0d0d0d3531313131
0d0d0d3731313131
3131313731313131
3131313131313131
3131313131313131
3131313131313131
0d0d0d0d0d0d0d0d
0d0d0d0d0d0d0d0d
0d0d0d0d0d0d0d0d
0d0d0d0d0d0d0d0d
0d0d0d0d0d0d0d0d
0d0d0d0d0d0d0d0d
0d0d0d0d0d0d0d0d
0d0d0d0d0d0d0d0d
3131330d0d0d0d0d
3131330d0d0d0d0d
3131330d0d0d0d0d
3131330d0d0d0d0d
3131330d0d0d0d0d
3131330d0d0d0d0d
3131330d0d0d0d0d
3131330d0d0d0d0d
0d0d0d0d0d0d0d0d
0d0d0d0d0d0d0d0d
0d0d0d0d0d0d0d0d
0d0d0d0d0d0d0d0d
3131313131313131
3131313131313131
3131313131313131
3131313131313131
3131330d0d0d0d0d
3131350d0d0d0d0d
313135310d0d0d0d
313135330d0d0d0d
3131333731313131
3131313131313131
3131313131313131
3131313131313131
3131313131313131
3131313131313131
3131313131313131
3131313131313131
3131313131313131
3131313131313131
3131313131313131
3131313131313131
3131313131313331
3131313131313331
3131313131313331
3131313131313331
3131313131313331
3131313131313331
3131313131313331
3131313131313331
3131313131313131
3131313131313131
3131313131313131
3131313131313131
3131313131313131
3131313131313131
3131313131313131
3131313131313131
3131313131313331
3131313131313731
3131313131313731
3131313131333731
3333333333373331
3131313131313131
3131313131313131
3131313131313131
3733313131313131
3737313131313131
3337313131313131
3333353131313131
3131313131313131
3131313131313131
3131313131313131
3131313131313131
3131313131333131
3131313131333131
3131313131333135
3131313131333137
3131313131333131
3131313131333131
3131313131333131
3131313131333131
3131313131313131
3131313131313131
3131313131313131
3131313131313131
3333333333333333
3131313131313131
3131313131313131
3131313131313131
3131313131333131
3131313131373131
3131313131373131
3131313131353131
3131313131353733
3131313131313131
3131313131313131
3131313131313131
3131313131313131
3131313131313131
3131313131313131
3131313131313131
3131313131313131
3131313131313131
3131313131313131
3131313131313131
3131313131313131
3131313131313131
3131313131313131
3131313131313131
3131313131313131
3131313131313131
3131313131313131
3131313131313131
3131313131313131
3131313131313131
3131313131313131
3131313131313131
3131313131313131
3131313131313131
3131313131313131
3131313131313131
3131313131313131
3131313131313131
3131313131313131
3131313131313131
3131313131313131
3131313131313131
3131313131313131
3131313131313131
3131313131313131
3131313131313131
3131313131313131
3131313131313131
3131313131313131
3131313131313131
3131313131313131
3131313131313131
3131313131313131
3131313131313131
3131313131313131
3131313131313131
3131313131313131
3131313131313131
3131313131313131
3131313131313131
3131313131313131
3131313131313131
3131313131313131
3131313131313131
3131313131313131
3131313131313131
3131313131313131
3131313131313131
3131313131313131
3131313131313131
3131313131313131
3131313131313131
3131313131313131
3131313131313131
3131313131313131
3131313131313131
3131313131313131
3131313131313131
3131313131313131
3131313131313131
3131313131313131
3131313131313131
3131313131313131
3131313131313131
3131313131313131
3131313131313131
3131313131313131
3131313131313131
3131313131313131
3131313131313131
3131313131313131
3131313131313131
3131313131313131
3131313131313131
3131313131313131
3131313131313131
3131313131313131
3131313131313131
3131313131313131
3131313131313131
3131313131313131
3131313131313131
3131313131313131
3131313131313131
3131313131313131
3131313131313131
3131313131313131
3131313131313131
1f1f1f1f1f1f1f1f
1f1f1f1f1f1f1f1f
1f1f1f1f1f1f1f1f
1f1f1f1f1f1f1f1f
1f1f1f1f1f1f1f1f
1f1f1f1f1f1f1f1f
1f1f1f1f1f1f1f1f
1f1f1f1f1f1f1f1f
1f1f1f1f1f1f1f1f
1f1f1f1f1f1f1f1f
1f1f1f1f1f1f1f1f
1f1f1f1f1f1f1f1f
1f1f1f1f1f1f1f1f
1f1f1f1f1f1f1f1f
1f1f1f1f1f1f1f1f
1f1f1f1f1f1f1f1f
1f1f1f1f1f1f1f1f
1f1f1f1f1f1f1f1f
1f1f1f1f1f1f1f1f
1f1f1f1f1f1f1f1f
1f1f1f1f1f1f1f1f
1f1f1f1f1f1f1f1f
1f1f1f1f1f1f1f1f
1f1f1f1f1f1f1f1f
1f1f1f1f1f1f1f1f
1f1f1f1f1f1f1f1f
1f1f1f1f1f1f1f1f
1f1f1f1f1f1f1f1f
1f1f1f1f1f1f1f1f
1f1f1f1f1f1f1f1f
1f1f1f1f1f1f1f1f
1f1f1f1f1f1f1f1f
3131313131313131
3131313131313131
3131313131313131
3131313131313131
3131313131313131
3131313131313131
3131313131313131
3131313131313131
3131313131313131
3131313131313131
3131313131313131
3131313131313131
3131313131313131
3131313131313131
3131313131313131
3131313131313131
3131313131313131
3131313131313131
3131313131313131
3131313131313131
3131313131313131
3131313131313131
3131313131313131
3131313131313131
3131313131313131
3131313131313131
3131313131313131
3131313131313131
3131313131313131
3131313131313131
3131313131313131
3131313131313131
3131313131313131
3131313131313131
3131313131313131
3131313131313131
3131313131313131
3131313131313131
3131313131313131
3131313131313131
3131313131313131
3131313131313131
3131313131313131
3131313131313131
3131313131313131
3131313131313131
3131313131313131
3131313131313131
3131313131313131
3131313131313131
3131313131313131
3131313131313131
3131313131313131
3131313131313131
3131313131313131
3131313131313131
3131313131313131
3131313131313131
3131313131313131
3131313131313131
3131313131313131
3131313131313131
3131313131313131
3131313131313131
3131313131313131
3131313131313131
3131313131313131
3131313131313131
3131313131313131
3131313131313131
3131313131313131
3131313131313131
3131313131313131
3131313131313131
3131313131313131
3131313131313131
3131313131313131
3131313131313131
3131313131313131
3131313131313131
3131313131313131
3131313131313131
3131313131313131
3131313131313131
3131313131313131
3131313131313131
3131313131313131
3131313131313131
3131313131313131
3131313131313131
3131313131313131
3131313131313131
3131313131313131
3131313131313131
3131313131313131
3131313131313131
3131313131313131
3131313131313131
3131313131313131
3131313131313131
3331313131313131
3533313131313131
3335313131313131
0d37313131313131
3131313131313131
3131313131313131
3131313131313131
3131313131313131
3333333333333333
3333333333333333
3131313131313131
0d0d0d0d0d0d0d0d
0d35313131313131
0d35313131313131
3133313131313131
3333313131313131
3333313131313131
3333313131313131
3333313131313131
3333313131313131
0d0d0d0d0d0d0d0d
0d0d0d0d0d0d0d0d
0d0d3333330d3333
0d0d3731370d3333
0d0d3733370d3333
0d0d3335370d3333
0d0d0d3735333333
0d0d0d3731373333
3131313131313131
3131313131313131
3131313131313131
3131313131313131
3133333333333333
3335333333333333
3535313131313131
37310d0d0d0d0d0d
3131313131313131
3131313131313131
3131313131313131
3131313131313131
3333333333333131
3333333333353331
3131313131353331
0d0d0d0d0d313531
370d0d0d0d0d0d0d
350d0d0d0d0d0d0d
330d0d33330d0d0d
330d0d37350d0d0d
330d0d37370d0d0d
330d0d37370d0d0d
330d0d37370d0d0d
330d0d35370d0d0d
0d0d0d0d0d0d3531
0d0d0d0d0d0d3531
33310d33330d3331
33350d33330d3331
31370d33330d3331
33370d33330d3331
35370d33330d3331
37353333330d3331
3131313131313131
3131313131313131
3131313131313131
3131313131313131
3333333333333333
3333333333333333
3131313131313131
0d0d0d0d0d0d0d0d
3131313131313131
3131313131313131
3131313131313131
3131313131313131
3333333131313333
3333353131353533
3131373331373131
0d0d353531370d0d
0d0d0d0d0d0d0d0d
0d0d0d0d0d0d0d0d
0d33350d0d0d0d33
353537330d0d0d37
373733350d0d0d37
353531370d0d0d35
353131350d0d0d0d
373131330d0d0d0d
0d0d313531350d0d
0d0d0d3531350d0d
31310d3331333335
31310d3331333735
31310d3331333731
31310d3331333731
31310d3331333531
31310d3331333331
3131313131313131
3131313131313131
3131313131313131
3131313131313131
3333333333333333
3333333333333333
3131313131313131
0d0d0d0d0d0d0d0d
3131313131313131
3131313131313131
3131313131313131
3131313131313131
3131333333333333
3131353333333333
3131373131313131
3331370d0d0d0d0d
0d0d0d0d0d0d0d0d
0d0d0d0d0d0d0d0d
0d0d0d0d31310d0d
0d0d0d0d3333310d
0d0d0d0d3305330d
0d0d0d0d3305330d
0d0d0d0d3131330d
0d0d0d0d0d333331
3331350d0d0d0d0d
3333330d0d0d0d0d
3333330d0d0d0d0d
3331330d0d0d0d0d
3331330d3133310d
3331330d3305330d
3331330d3305330d
3331330d3105330d
3131313131313131
3131313131313131
3131313131313131
3131313131313131
3333333333333331
3333333333333335
3333333333333335
3131313131313135
3131313131313131
3131313131313131
3131313131313131
3131313131313131
3333333333333333
3333333333333333
3333333333333333
3131313131313131
3131313131313137
3131313131313135
3131313131313133
3131313135313133
3131313135313133
3131313137333133
3131313137353133
3131313137353133
3131313131313131
3131313131313131
3131313131313131
3131313131313131
3131313131313131
3131313131313131
3131313131313131
3131313131313131
3131313131313131
3131313131313131
3131313131313131
3131313131313131
3333333331313133
3333333335313135
3333333337313335
3131313135313337
3131313131313131
3131313131313131
3131313131313131
3131313131313131
3333333333333333
3333333333333333
3333333333333333
3131313131313131
3131313137313535
3131313135333335
3131313133313333
3135313133313331
3137313133313331
3135313133313331
3135313133313331
3335353133313331
3131313131313131
3131313131313131
3131313131313131
3131313131313131
3131313131313131
3131313131313131
3131313131313131
3131313131313131
3131313131313131
3131313131313131
3131313131313131
3131313131313131
3331313133333333
3533313335333333
3537313335333333
3135313535313131
3131313131313131
3131313131313131
3131313131313131
3131313131313131
3333333333333333
3333333333333333
3333333333333333
3131313131313131
3137313731313131
3137313731313131
3133313531313131
3133313331313131
3133313331313131
3133313331313131
3133313331313131
3133313331313131
3131313131313131
3131313131313131
3131313131313131
3131313131313331
3131313131313731
3131313131313531
3131313131313531
3131313131353533
3131313131313131
3131313131313131
3131313131313131
3131313131313131
3133333333333333
3335333333333333
3537333333333333
3733313131313131
3131313131313131
3131313131313131
3131313131313131
3131313131313131
3333333333333131
3333333333353331
3333333333373531
3131313131333731
3531313131313131
3531313131313131
3531313131313131
3331313131313131
3331313131313131
3331313131313131
3331313131313131
3331313131313131
3131313131313531
3131313131313731
3131313131313331
3131313531313331
3131313531313331
3131333731313331
3131353731313331
3131373531313331
3131313131313131
3131313131313131
3131313131313131
3131313131313131
3333333333333333
3333333333333333
3333333333333333
3131313131313131
3131313131313131
3131313131313131
3131313131313131
3131313131313131
3131313131313333
3131313131353533
3131313131373533
3131313131353131
3131313131313131
3131313131313131
3131313131313131
3131313131313131
3131313131313131
3131313131313131
3131313131313131
3131313131313131
3131313131353131
3131313131373131
3131313131333131
3131313131333131
3131313131333131
3131313131333131
3131313131333131
3131313131333131
3131313131313131
3131313131313131
3131313131313131
3131313131313131
3131313131313131
3131313131313131
3131313131313131
3131313131313131
3131313131313131
3131313131313131
3131313131313131
3131313131313131
3131313131313131
3131313131313131
3131313131313131
3131313131313131
3131313131313131
3131313131313131
3131313131313131
3131313131313131
3131313131313131
3131313131313131
3131313131313131
3131313131313131
3131313131313131
3131313131313131
3131313131313131
3131313131313131
3131313131313131
3131313131313131
3131313131313131
3131313131313131
3131313131313131
3131313131313131
3131313131313131
3131313131313131
3131313131313131
3131313131313131
3131313131313131
3131313131313131
3131313131313131
3131313131313131
3131313131313131
3131313131313131
3131313131313131
3131313131313131
3131313131313131
3131313131313131
3131313131313131
3131313131313131
3131313131313131
3131313131313131
3131313131313131
3131313131313131
3131313131313131
3131313131313131
3131313131313131
3131313131313131
3131313131313131
3131313131313131
3131313131313131
3131313131313131
3131313131313131
3131313131313131
3131313131313131
3131313131313131
3131313131313131
3131313131313131
3131313131313131
3131313131313131
3131313131313131
3131313131313131
3131313131313131
3131313131313131
3131313131313131
3131313131313131
3131313131313131
3131313131313131
3131313131313131
3131313131313131
3131313131313131
3131313131313131
3131313131313131
3131313131313131
3131313131313131
3131313131313131
3131313131313131
3131313131313131
3131313131313131
3131313131313131
3131313131313131
3131313131313131
3131313131313131
3131313131313131
3131313131313131
3131313131313131
1f1f1f1f1f1f1f1f
1f1f1f1f1f1f1f1f
1f1f1f1f1f1f1f1f
1f1f1f1f1f1f1f1f
1f1f1f1f1f1f1f1f
1f1f1f1f1f1f1f1f
1f1f1f1f1f1f1f1f
1f1f1f1f1f1f1f1f
1f1f1f1f1f1f1f1f
1f1f1f1f1f1f1f1f
1f1f1f1f1f1f1f1f
1f1f1f1f1f1f1f1f
1f1f1f1f1f1f1f1f
1f1f1f1f1f1f1f1f
1f1f1f1f1f1f1f1f
1f1f1f1f1f1f1f1f
1f1f1f1f1f1f1f1f
1f1f1f1f1f1f1f1f
1f1f1f1f1f1f1f1f
1f1f1f1f1f1f1f1f
1f1f1f1f1f1f1f1f
1f1f1f1f1f1f1f1f
1f1f1f1f1f1f1f1f
1f1f1f1f1f1f1f1f
1f1f1f1f1f1f1f1f
1f1f1f1f1f1f1f1f
1f1f1f1f1f1f1f1f
1f1f1f1f1f1f1f1f
1f1f1f1f1f1f1f1f
1f1f1f1f1f1f1f1f
1f1f1f1f1f1f1f1f
1f1f1f1f1f1f1f1f
3131313131313131
3131313131313131
3131313131313131
3131313131313131
3131313131313131
3131313131313131
3131313131313131
3131313131313131
3131313131313131
3131313131313131
3131313131313131
3131313131313131
3131313131313131
3131313131313131
3131313131313131
3131313131313131
3131313131313131
3131313131313131
3131313131313131
3131313131313131
3131313131313131
3131313131313131
3131313131313131
3131313131313131
3131313131313131
3131313131313131
3131313131313131
3131313131313131
3131313131313131
3131313131313131
3131313131313131
3131313131313131
3131313131313131
3131313131313131
3131313131313131
3131313131313131
3131313131313131
3131313131313131
3131313131313131
3131313131313131
3131313131313131
3131313131313131
3131313131313131
3131313131313131
3131313131313131
3131313131313131
3131313131313131
3131313131313131
3131313131313131
3131313131313131
3131313131313131
3131313131313131
3131313131313131
3131313131313131
3131313131313131
3131313131313131
3131313131313131
3131313131313131
3131313131313131
3131313131313131
3131313131313131
3131313131313131
3131313131313131
3131313131313131
3131313131313131
3131313131313131
3131313131313131
3131313131313131
3131313131313131
3131313131313131
3131313131313131
3131313131313131
3131313131313131
3131313131313131
3131313131313131
3131313131313131
3131313131313131
3131313131313131
3131313131313131
3131313131313131
3131313131313131
3131313131313131
3131313131313131
3131313131313131
3131313131313131
3131313131313131
3131313131313131
3131313131313131
3131313131313131
3131313131313131
3131313131313131
3131313131313131
3131313131313131
3131313131313131
3131313131313131
3131313131313131
3333313131313131
3333313131313131
3333313131313131
3333313131313131
3333313131313131
3333313131313131
3333313131313131
3333313131313131
0d0d0d3731373333
0d0d0d3335373333
0d0d0d0d37373333
0d0d0d0d37333733
0d0d0d0d37313533
0d0d0d0d37313533
0d0d0d0d37313333
0d0d0d0d35313133
3333313131313131
3333313131313131
3333313131313131
3333313131313131
3333313131313131
3333313131313131
3333313131313131
3333313131313131
0d0d0d0d37373133
0d0d0d3335373333
0d0d0d3533353733
0d0d0d3731373733
0d0d0d3733353533
0d0d0d3735333333
0d0d0d37370d3333
0d0d3135350d3333
330d353335330d0d
330d373131350d0d
330d373131370d0d
330d373131370d0d
330d373131350d0d
333535313137330d
333731313133350d
333731313133350d
37313733330d3331
37333733330d3331
33353733330d3331
0d373535330d3331
0d373137330d3331
0d373135330d3331
0d353135330d3331
0d373131330d3331
3333353131370d0d
330d373131370d0d
330d373131370d0d
330d373131370d0d
330d373133350d0d
330d353535310d0d
330d0d37370d0d0d
330d0d37370d0d0d
33353731330d3331
35333731330d3331
37313535330d3331
37333537330d3331
37353337330d3331
37370d33330d3331
35350d33330d3331
33370d33330d3331
313131330d0d0d0d
313131350d0d0d0d
313131370d0d0d0d
313131350d0d0d0d
313133350d0d0d0d
3131370d0d0d0d0d
3131370d0d0d0d0d
3131370d0d0d0d0d
31310d3331333331
31310d3331333531
31310d3331333731
31310d3331333731
31310d3331333731
33310d3331333531
31310d3331333731
05310d3331333533
3131370d0d0d0d0d
3133350d0d0d0d0d
3135330d0d0d0d0d
31370d0d0d0d0d0d
33370d0d0d0d0d0d
35350d0d0d0d0d0d
37370d0d0d0d0d31
35350d0d0d0d0d35
05310d3331330d37
05310d3331330d37
31310d3331330d37
31310d3331330d37
33310d3331330d35
31310d3331330d31
31310d3331330d0d
31310d3331330d0d
0d0d0d0d0d333131
0d0d0d0d0d330533
0d0d0d0d0d333133
0d0d0d0d0d0d3333
310d0d0d0d0d3331
330d0d0d0d0d3305
330d0d0d0d0d3305
310d0d0d0d313105
3331330d3105310d
3331330d3105310d
3331330d3105330d
3331333333053333
3331333333053333
3331333105050505
3331330505050505
3331330505050505
310d0d0d0d330533
310d0d0d0d330533
330d0d0d0d333133
330d0d0d0d333331
310d0d0d0d33330d
0d0d0d0d3131330d
0d0d0d0d3131330d
0d0d0d0d3305330d
3331330505050505
3331330505330505
3331333105350505
3331333105353105
3331333333333331
3331333333333333
3331330d0d33310d
3331330d3131330d
3131313333353133
3333333533353337
0d0d0d0d0d0d0d35
0d0d0d0d0d0d0d35
0d0d0d0d0d0d0d31
0d0d0d0d0d0d0d31
0d0d33310d0d0d31
0d0d31310d0d0d31
3131313131313131
3333333333333333
0d0d0d0d0d0d0d0d
0d0d0d0d0d0d0d0d
0d0d0d0d0d0d0d0d
0d0d0d0d0d0d0d0d
0d0d310d0d0d0d0d
0d0d330d0d0d0d0d
0d0d31310d0d0d31
0d0d31310d0d0d31
0d0d31310d0d0d31
0d0d31310d0d0d31
0d0d31310d0d0d31
0d0d31310d0d0d31
0d0d31310d0d0d31
0d0d31310d0d0d31
0d0d330d0d0d0d0d
0d31330d0d0d0d0d
0d33330d0d0d0d0d
0d3331310d0d0d0d
0d3305330d0d0d0d
0d3305330d0d0d0d
33310533310d0d0d
33050531310d0d0d
3531373133313331
3533373337313335
3131313337313335
3131313137313335
3131313135313331
3131313135313331
3133313133313331
3135313133313331
3131313131313131
3333333333333333
3131313131313131
3131313131313131
3131313131313131
3131313131313131
3131313131313131
3131313131313131
3137313133313331
3135313133313331
3137333133313331
3333353133313331
3733373333313331
3131313135313331
0d0d0d0d37313331
0d0d0d0d33313331
3131313131313131
3131313131313131
3131313131313131
3131313131313131
3333333333333333
3131313131313131
0d0d0d0d0d0d0d0d
0d0d0d0d0d0d0d0d
3133313331313131
3535313335333333
3535313535313131
3135313533313131
3137313731313131
3135313531313131
3133313331313131
3133313331313131
3131313131353135
3333333333373337
3131313131313131
3131313131313131
3131313131313131
3131313131313131
3131313131313331
3131313131313531
3133313331313131
3133313331313131
3133313331313131
3133313331313131
3333313333333333
3335313537313131
0d353135330d0d0d
0d353133310d0d0d
3131313131313731
3131313131313731
3131313131333531
3131313131353333
3333333333373337
3131313131313131
0d0d0d0d0d0d0d0d
0d0d0d0d0d0d0d0d
3331313131313131
3537333333333333
3535313131313131
3531313131313131
3731313131313131
3531313131313131
3331313131313131
3331313131313131
3131353533313331
3333373335353531
3131313131373731
3131313131313731
3131313131313531
3131313131313531
3131313331313331
3131313531313331
3331313131313131
3331313131313131
3331313131313131
3331313131313131
3333333333333333
3735313131313131
37310d0d0d0d0d0d
350d0d0d0d0d0d0d
3131313731313331
3131333731313331
3131373531313331
3131353531313331
3333373335333331
3333333333373531
3131313131333531
3131313131313531
3131313131313131
3333333333333333
3131313131313131
3131313131313131
3131313131313131
3131313131313131
3131313131313131
3131313131313131
3131313131333131
3131313131353533
3131313131373331
3131313131353131
3131313131353131
3131313131353131
3131313131333131
3131313131333131
3131313131313131
3131313131313131
3131313131313131
3131313131313131
3333333333333333
3333333333333333
3131313131313131
3131313131313131
3131313131333131
3131313131333131
3131313131333131
3131313131333131
3131313131333333
3131313131353533
3131313131373131
3131313131353131
3131313131313131
3131313131313131
3131313131313131
3131313131313131
3131313131313131
3131313131313131
3131313131313131
3131313131313131
3131313131313131
3131313131313131
3131313131313131
3131313131313131
3131313131313131
3131313131313131
3131313131313131
3131313131313131
3131313131313131
3131313131313131
3131313131313131
3131313131313131
3131313131313131
3131313131313131
3131313131313131
3131313131313131
3131313131313131
3131313131313131
3131313131313131
3131313131313131
3131313131313131
3131313131313131
3131313131313131
3131313131313131
3131313131313131
3131313131313131
3131313131313131
3131313131313131
3131313131313131
3131313131313131
3131313131313131
3131313131313131
3131313131313131
3131313131313131
3131313131313131
3131313131313131
3131313131313131
3131313131313131
3131313131313131
3131313131313131
3131313131313131
3131313131313131
3131313131313131
3131313131313131
3131313131313131
3131313131313131
3131313131313131
3131313131313131
3131313131313131
3131313131313131
3131313131313131
3131313131313131
3131313131313131
3131313131313131
3131313131313131
3131313131313131
3131313131313131
3131313131313131
3131313131313131
3131313131313131
3131313131313131
3131313131313131
3131313131313131
3131313131313131
3131313131313131
3131313131313131
3131313131313131
3131313131313131
3131313131313131
3131313131313131
3131313131313131
3131313131313131
3131313131313131
3131313131313131
3131313131313131
3131313131313131
3131313131313131
3131313131313131
3131313131313131
3131313131313131
3131313131313131
3131313131313131
3131313131313131
3131313131313131
3131313131313131
3131313131313131
3131313131313131
3131313131313131
1f1f1f1f1f1f1f1f
1f1f1f1f1f1f1f1f
1f1f1f1f1f1f1f1f
1f1f1f1f1f1f1f1f
1f1f1f1f1f1f1f1f
1f1f1f1f1f1f1f1f
1f1f1f1f1f1f1f1f
1f1f1f1f1f1f1f1f
1f1f1f1f1f1f1f1f
1f1f1f1f1f1f1f1f
1f1f1f1f1f1f1f1f
1f1f1f1f1f1f1f1f
1f1f1f1f1f1f1f1f
1f1f1f1f1f1f1f1f
1f1f1f1f1f1f1f1f
1f1f1f1f1f1f1f1f
1f1f1f1f1f1f1f1f
1f1f1f1f1f1f1f1f
1f1f1f1f1f1f1f1f
1f1f1f1f1f1f1f1f
1f1f1f1f1f1f1f1f
1f1f1f1f1f1f1f1f
1f1f1f1f1f1f1f1f
1f1f1f1f1f1f1f1f
1f1f1f1f1f1f1f1f
1f1f1f1f1f1f1f1f
1f1f1f1f1f1f1f1f
1f1f1f1f1f1f1f1f
1f1f1f1f1f1f1f1f
1f1f1f1f1f1f1f1f
1f1f1f1f1f1f1f1f
1f1f1f1f1f1f1f1f
3131313131313131
3131313131313131
3131313131313131
3131313131313131
3131313131313131
3131313131313131
3131313131313131
3131313131313131
3131313131313131
3131313131313131
3131313131313131
3131313131313131
3131313131313131
3131313131313131
3131313131313131
3131313131313131
3131313131313131
3131313131313131
3131313131313131
3131313131313131
3131313131313131
3131313131313131
3131313131313131
3131313131313131
3131313131313131
3131313131313131
3131313131313131
3131313131313131
3131313131313131
3131313131313131
3131313131313131
3131313131313131
3131313131313131
3131313131313131
3131313131313131
3131313131313131
3131313131313131
3131313131313131
3131313131313131
3131313131313131
3131313131313131
3131313131313131
3131313131313131
3131313131313131
3131313131313131
3131313131313131
3131313131313131
3131313131313131
3131313131313131
3131313131313131
3131313131313131
3131313131313131
3131313131313131
3131313131313131
3131313131313131
3131313131313131
3131313131313131
3131313131313131
3131313131313131
3131313131313131
3131313131313131
3131313131313131
3131313131313131
3131313131313131
3131313131313131
3131313131313131
3131313131313131
3131313131313131
3131313131313131
3131313131313131
3131313131313131
3131313131313131
3131313131313131
3131313131313131
3131313131313131
3131313131313131
3131313131313131
3131313131313131
3131313131313131
3131313131313131
3131313131313131
3131313131313131
3131313131313131
3131313131313131
3131313131313131
3131313131313131
3131313131313131
3131313131313131
3131313131313131
3131313131313131
3131313131313131
3131313131313131
3131313131313131
3131313131313131
3131313131313131
3131313131313131
3333313131313131
3333313131313131
3333313131313131
3333313131313131
3333313131313131
3133313131313131
3335313131313131
0d35313131313131
0d0d3533370d3333
0d0d3731350d3333
0d0d3531370d3333
0d0d3733350d3533
0d0d3333330d3333
3131313131313131
3131313131313131
0d0d0d0d0d0d0d0d
0d35313131313131
0d35313131313131
0d33313131313131
0d33313131313131
0d33313131313131
0d33313131313131
0d33313131313131
0d33313131313131
0d0d0d0d0d0d0d0d
0d0d0d0d0d0d0d0d
0d0d0d0d3333310d
0d0d0d313305330d
0d0d0d3305053131
0d0d0d3305050533
0d0d313131310533
0d0d330533333133
330d0d37370d0d0d
330d0d37370d0d0d
330d0d37350d0d0d
330d0d33310d0d0d
330d0d0d0d0d0d0d
3331313131313131
3533313131313131
35310d0d0d0d0d0d
31370d33330d3331
31350d33330d3331
33350d33330d3331
35310d35350d3331
330d0d35330d3331
3131313131313331
3131313131333331
0d0d0d0d0d313531
350d0d0d0d0d0d0d
350d0d0d0d0d0d0d
330d0d0d0d0d0d0d
330d0d0d0d0d0d0d
330d0d33330d0d0d
330d313333310d0d
330d313131310d0d
330d330505310d0d
0d0d0d0d0d0d3531
0d0d0d0d0d0d3531
313333310d0d3331
333131330d0d3331
33050533310d3331
31050505330d3331
05313105330d3331
05333331330d3331
35330d0d0d0d0d37
350d0d0d0d0d0d37
370d0d0d0d0d0d37
330d0d0d0d0d0d35
0d0d0d0d0d0d0d33
3131313131313131
3131313131313131
0d0d0d0d0d0d0d0d
31310d3331330d0d
31310d3331330d0d
31310d3331330d0d
31310d3331330d0d
31310d3331330d0d
3131313331333131
3131333331353131
0d0d333331350d0d
0d0d0d0d0d0d0d0d
0d0d0d0d0d0d0d0d
310d0d0d0d0d0d0d
330d0d0d0d0d0d0d
330d0d0d0d0d0d0d
33310d0d0d0d0d31
33310d0d0d0d0d33
33330d0d0d0d0d33
0d0d313531350d0d
0d0d0d3531330d0d
310d0d3331330d0d
370d0d3331330d0d
350d0d3331330d0d
35330d3331330d0d
31370d3331330d0d
31350d3331330d0d
0d0d0d0d3305310d
0d0d0d0d3331310d
0d0d0d0d33330d0d
0d0d0d3133330d0d
0d0d0d3131310d0d
3131313131313131
3131313131313131
0d0d0d0d0d0d0d0d
3331330d3305330d
3331333133053333
3331333331313133
3331330d0d0d0d0d
3331330d0d0d0d0d
3331333131313131
3331353131313131
3331350d0d0d0d0d
0d0d0d0d0d0d0d0d
0d0d0d0d0d0d0d0d
0d0d0d0d0d333735
0d0d0d0d0d353133
330d0d0d33373131
350d0d0d37313131
350d0d0d37313333
330d0d0d35333735
3331330d0d0d0d0d
3331330d0d0d0d0d
33313133330d3533
3331313537333535
3331313731353335
3331333531373133
3331353331353131
3331333131373131
0d0d31310d0d0d31
0d0d31310d0d0d31
0d0d31310d0d0d31
0d0d31310d0d0d31
0d0d31310d0d0d31
0d0d31310d0d0d31
0d0d31310d0d0d31
0d0d31330d333131
33050505330d0d0d
33050505330d0d0d
31050505310d0d0d
31050505330d0d0d
31050505310d0d0d
31053305330d0d0d
31313305310d0d0d
33333531330d0d0d
0d0d31330d313331
0d0d333331313331
0d0d313333053131
0d0d333333053131
0d0d330505313131
0d0d330505330d31
0d0d313105330d31
0d0d0d3333330d31
33333333330d0d0d
0d0d330d0d0d0d0d
0d31330d0d0d0d0d
0d3333310d0d0d0d
313305330d0d0d0d
33313133330d0d0d
31313131310d0d0d
0d0d0d0d0d0d0d0d
0d0d0d0d33313331
33330d0d33313331
3735310d33313331
3133370d33313331
3131370d33313331
3333370d33313331
3537350d33313331
3537370d33313331
0d0d0d0d0d0d0d0d
0d0d0d0d0d0d0d0d
0d0d0d0d0d0d0d35
0d0d0d0d0d0d0d37
0d0d0d0d0d0d0d37
0d0d0d0d0d0d3335
330d0d0d0d0d3533
350d0d0d0d0d3331
3333350d33313331
3337370d33313331
350d0d0d33313331
350d0d0d33313331
370d0d0d33313331
370d0d0d33313331
370d0d0d33313331
33350d0d33313331
370d0d0d0d0d3531
370d0d0d0d0d3533
370d0d0d0d0d3331
35330d0d0d0d3533
31350d0d0d0d3335
31370d0d0d0d0d35
31370d0d0d0d0d37
33350d0d0d0d0d37
0d3531330d0d0d0d
0d3331330d0d0d33
0d3331330d0d3337
0d3331330d0d3537
0d3331330d0d3737
0d3331330d0d3737
0d3331330d0d3735
0d3331330d0d3731
0d0d0d0d0d0d0d0d
0d0d0d0d0d33310d
0d0d0d0d3537350d
0d0d0d0d37313733
0d0d0d0d37313137
0d0d0d3335333135
0d0d0d3533353737
0d0d0d3331353537
0d3331330d333531
0d3331330d373131
0d3331330d373131
0d3331330d373131
0d3331330d373131
0d33313333353131
0d33313333353131
0d3331330d373131
0d0d0d3331333537
0d0d0d3531350d0d
0d0d0d3533370d0d
0d0d0d0d3535330d
0d0d0d0d3731350d
0d0d0d0d3531330d
0d0d0d313731350d
0d0d0d353335350d
330d0d0d0d0d0d0d
330d0d33330d0d0d
330d0d35350d0d0d
330d0d37370d0d0d
330d0d37350d0d0d
330d0d35370d0d0d
330d0d37370d0d0d
330d333535330d0d
3131313131313731
3131313131313331
3131313531313331
3131313531313331
3131333731313331
3131353731313331
3131373531313331
3131353533313331
330d373131350d0d
330d373131370d0d
330d373131370d0d
330d373131370d0d
333335313135330d
333731313131350d
333733313131350d
333335313135330d
3333373335353531
3131313131373731
3131313131313731
3131313131313731
3131313131313531
3131313331313331
3131313531313331
3131313731313331
3131313131313131
3131313131313131
3131313131313131
3131313131313131
3131313131313131
3131313131313131
3131313131313131
3131313131313131
3131313131353131
3131313131333131
3131313131333131
3131313131333131
3131313131333131
3131313131333131
3131313131333131
3131313131333131
3333333333333333
3131313131313131
3131313131313131
3131313131313131
3131313131313131
3131313131313131
3131313131313131
3131313131313131
3131313131353533
3131313131373331
3131313131353131
3131313131373131
3131313131353131
3131313131333131
3131313131333131
3131313131333131
3131313131313131
3131313131313131
3131313131313131
3131313131313131
3131313131313131
3131313131313131
3131313131313131
3131313131313131
3131313131313131
3131313131313131
3131313131313131
3131313131313131
3131313131313131
3131313131313131
3131313131313131
3131313131313131
3131313131313131
3131313131313131
3131313131313131
3131313131313131
3131313131313131
3131313131313131
3131313131313131
3131313131313131
3131313131313131
3131313131313131
3131313131313131
3131313131313131
3131313131313131
3131313131313131
3131313131313131
3131313131313131
3131313131313131
3131313131313131
3131313131313131
3131313131313131
3131313131313131
3131313131313131
3131313131313131
3131313131313131
3131313131313131
3131313131313131
3131313131313131
3131313131313131
3131313131313131
3131313131313131
3131313131313131
3131313131313131
3131313131313131
3131313131313131
3131313131313131
3131313131313131
3131313131313131
3131313131313131
3131313131313131
3131313131313131
3131313131313131
3131313131313131
3131313131313131
3131313131313131
3131313131313131
3131313131313131
3131313131313131
3131313131313131
3131313131313131
3131313131313131
3131313131313131
3131313131313131
3131313131313131
3131313131313131
3131313131313131
3131313131313131
3131313131313131
3131313131313131
3131313131313131
3131313131313131
3131313131313131
3131313131313131
3131313131313131
3131313131313131
3131313131313131
3131313131313131
3131313131313131
3131313131313131
3131313131313131
3131313131313131
3131313131313131
3131313131313131
3131313131313131
3131313131313131
3131313131313131
3131313131313131
3131313131313131
3131313131313131
3131313131313131
3131313131313131
1f1f1f1f1f1f1f1f
1f1f1f1f1f1f1f1f
1f1f1f1f1f1f1f1f
1f1f1f1f1f1f1f1f
1f1f1f1f1f1f1f1f
1f1f1f1f1f1f1f1f
1f1f1f1f1f1f1f1f
1f1f1f1f1f1f1f1f
1f1f1f1f1f1f1f1f
1f1f1f1f1f1f1f1f
1f1f1f1f1f1f1f1f
1f1f1f1f1f1f1f1f
1f1f1f1f1f1f1f1f
1f1f1f1f1f1f1f1f
1f1f1f1f1f1f1f1f
1f1f1f1f1f1f1f1f
1f1f1f1f1f1f1f1f
1f1f1f1f1f1f1f1f
1f1f1f1f1f1f1f1f
1f1f1f1f1f1f1f1f
1f1f1f1f1f1f1f1f
1f1f1f1f1f1f1f1f
1f1f1f1f1f1f1f1f
1f1f1f1f1f1f1f1f
1f1f1f1f1f1f1f1f
1f1f1f1f1f1f1f1f
1f1f1f1f1f1f1f1f
1f1f1f1f1f1f1f1f
1f1f1f1f1f1f1f1f
1f1f1f1f1f1f1f1f
1f1f1f1f1f1f1f1f
1f1f1f1f1f1f1f1f
3131313131313131
3131313131313131
3131313131313131
3131313131313131
3131313131313131
3131313131313131
3131313131313131
3131313131313131
3131313131313131
3131313131313131
3131313131313131
3131313131313131
3131313131313131
3131313131313131
3131313131313131
3131313131313131
3131313131313131
3131313131313131
3131313131313131
3131313131313131
3131313131313131
3131313131313131
3131313131313131
3131313131313131
3131313131313131
3131313131313131
3131313131313131
3131313131313131
3131313131313131
3131313131313131
3131313131313131
3131313131313131
3131313131313131
3131313131313131
3131313131313131
3131313131313131
3131313131313131
3131313131313131
3131313131313131
3131313131313131
3131313131313131
3131313131313131
3131313131313131
3131313131313131
3131313131313131
3131313131313131
3131313131313131
3131313131313131
3131313131313131
3131313131313131
3131313131313131
3131313131313131
3131313131313131
3131313131313131
3131313131313131
3131313131313131
3131313131313131
3131313131313131
3131313131313131
3131313131313131
3131313131313131
3131313131313131
3131313131313131
3131313131313131
3131313131313131
3131313131313131
3131313131313131
3131313131313131
3131313131313131
3131313131313131
3131313131313131
3131313131313131
3131313131313131
3131313131313131
3131313131313131
3131313131313131
3131313131313131
3131313131313131
3131313131313131
3131313131313131
3131313131313131
3131313131313131
3131313131313131
3131313131313131
3131313131313131
3131313131313131
3131313131313131
3131313131313131
3131313131313131
3131313131313131
3131313131313131
3131313131313131
3131313131313131
3131313131313131
3131313131313131
3131313131313131
3133313131313131
3133313131313131
3133313131313131
3133313131313131
3333313131313131
3333313131313131
3333313131313131
3133313131313131
0d0d3131330d3331
0d0d3331310d3331
0d0d33330d0d3305
0d0d31330d0d3105
0d0d33310d0d3131
0d0d33310d0d3131
0d0d31310d0d3131
0d0d31310d0d3131
3333313131313131
3333313131313131
3333313131313131
3333313131313131
3133313131313131
3133313131313131
3133313131313131
0d33313131313131
0d0d33310d0d3131
0d0d33330d0d3131
0d0d33310d0d3131
0d0d313331313105
0d0d333333333305
0d0d333133333331
0d0d333131333331
0d0d330531333333
330d330505330d0d
330d330505330d0d
330d330505330d0d
333133313133310d
333333313131330d
333305050505330d
333305050505330d
333105050505330d
31313133330d3331
330d0d33330d3331
310d0d3331313331
330d0d3331313331
330d0d3305313331
310d0d3305313331
310d0d3105313331
310d0d3105313331
333105050505310d
333105313105330d
333305333305330d
333305333305330d
333331353331330d
333133333333310d
330d0d33330d0d0d
330d0d33330d0d0d
310d0d3105313331
310d0d3305313331
330d0d3305313331
3331313331313331
3133313331313331
33333333330d3331
31313333330d3331
05333331330d3331
31330d0d0d0d0d33
05330d0d0d0d0d33
0531310d0d0d0d33
0505330d0d0d0d31
0505330d0d0d0d31
0505330d0d0d0d31
050531310d0d0d31
050505310d0d0d31
35370d3331330d31
37350d3331330d33
35370d3331330d33
37350d3331333133
37350d3331333331
33330d3331333305
33330d3331333305
33330d3331333105
050505310d0d0d31
310505310d0d0d31
333131310d0d0d31
333131310d0d0d33
3333330d0d0d0d33
3333310d0d0d0d33
33310d0d0d0d0d33
33330d0d0d0d0d33
33330d3331333105
33330d3331333105
35350d3331333305
37350d3331333305
35370d3331333331
37350d3331330d33
35370d3331330d0d
31370d3331330d0d
350d0d0d37373135
350d0d0d35370d0d
350d0d3135350d0d
330d0d3333350d0d
0d0d0d3333370d0d
0d0d0d3331350d0d
0d0d0d3331350d0d
0d0d0d3331330d0d
3331353131313131
3331353331313131
3331333531313131
3331313531313135
3331313731313137
3331313531313137
3331313731313137
3331313731313137
0d0d0d3331350d0d
0d0d0d3331350d0d
0d0d0d3333370d0d
0d0d0d333337350d
0d0d0d0d35353733
0d0d0d0d35373335
0d0d0d0d37333337
0d0d0d0d37313535
3331313533313335
3331310d37313533
3331310d3731370d
3331310d3731370d
3331310d3731370d
3331310d3531370d
3331310d3337350d
3331310d0d350d0d
0d0d0d31310d0d31
0d0d0d0d0d0d0d31
0d0d0d0d0d0d0d31
0d0d0d0d0d0d0d31
0d0d0d0d0d0d0d31
0d0d0d0d0d0d0d31
0d0d0d0d0d0d0d31
0d0d0d0d0d0d0d31
0d0d0d0d0d0d0d0d
0d0d0d0d0d0d0d0d
0d0d0d0d0d0d0d0d
0d0d0d0d0d0d0d0d
0d0d0d0d0d0d0d0d
0d0d0d0d0d0d0d0d
0d0d0d0d0d0d0d0d
0d0d0d0d0d0d0d31
0d0d0d0d0d0d0d31
0d0d0d0d0d0d0d31
0d0d0d0d0d0d0d31
0d0d0d0d0d0d0d31
310d0d0d0d0d0d31
310d0d0d0d0d0d31
330d0d0d0d0d0d31
330d0d0d0d0d0d31
0d0d0d0d0d0d0d33
0d0d0d0d0d0d0d33
0d0d0d0d0d0d0d35
0d0d0d0d0d0d0d35
0d0d0d0d0d0d3133
0d0d0d0d0d0d3131
0d0d0d0d0d0d3305
0d0d0d0d0d0d3305
31370d0d33313331
33370d0d33313331
3737310d33313331
3733350d33313331
3731370d33313331
3335370d33313331
3335350d33313331
3131370d33313331
35330d0d0d0d0d37
370d0d0d0d0d0d35
370d0d0d0d0d0d0d
370d0d0d0d0d0d0d
350d0d0d0d0d0d0d
330d0d0d0d0d0d0d
0d0d0d0d0d0d3533
0d0d0d0d0d0d3331
3131350d33313331
3131350d33313331
3333353333313331
3333333333313331
0d0d0d0d33313331
0d0d0d0d33313331
0d0d0d0d33313331
0d0d0d0d33313331
0d0d0d0d0d0d3331
0d0d0d0d0d0d3331
0d0d0d0d0d0d3333
0d0d0d0d0d0d3333
0d0d0d0d0d0d0d0d
0d0d0d0d0d0d0d0d
0d0d0d0d0d0d0d0d
0d0d0d0d0d0d0d0d
0d3331330d373131
0d3331330d373131
0d3331330d373331
0d3331330d333531
0d3331330d0d3731
0d3331330d0d3735
0d3331330d0d3737
0d3331330d0d3737
0d0d0d3733350d0d
0d0d0d35350d0d0d
0d0d0d35350d0d0d
0d0d0d35330d3331
0d0d0d35370d3737
0d0d0d3535313735
0d0d0d3733353735
0d0d0d3731353337
0d3331330d0d3537
0d3331330d0d3137
0d3331330d0d0d33
0d3331330d0d0d0d
0d3331330d0d0d0d
0d3331330d0d0d0d
0d3331330d0d0d0d
0d3331330d0d0d0d
0d0d0d3335313137
0d0d0d0d37313335
0d0d0d0d3533350d
0d0d0d0d3335350d
0d0d0d0d0d0d0d0d
0d0d0d0d0d0d0d0d
0d0d0d0d0d0d0d0d
0d0d0d0d0d0d0d0d
330d373131370d0d
330d373131370d0d
330d373131370d0d
330d353131350d0d
330d333535330d0d
330d0d37370d0d0d
330d0d35370d0d0d
330d0d37370d0d0d
3131333731313331
3131373531313331
3131353531313331
3333373335333331
3131313131353531
0d0d0d0d0d313531
0d0d0d0d0d0d3531
0d0d0d0d0d0d3331
330d0d37370d0d0d
330d0d35350d0d0d
330d0d33330d0d0d
330d0d0d0d0d0d0d
330d0d0d0d0d0d0d
330d0d0d0d0d0d0d
330d0d0d0d0d0d0d
330d0d0d0d0d0d0d
0d0d33310d0d3331
0d3737370d0d3331
0d3731370d0d3331
31353133350d3331
35333331370d3331
37313535350d3331
35353537350d3331
35350d35370d3331
3131313131313131
3131313131313131
3131313131313131
3333333333333333
3131313131313131
0d0d0d0d0d0d0d0d
0d0d0d0d0d0d0d0d
0d0d0d0d0d0d0d0d
3131313131333131
3131313131333131
3131313131333131
3131313131333333
3131313131353331
3131313131350d0d
3131313131350d0d
3131313131330d0d
0d33350d0d0d0d0d
353537330d0d0d0d
373731350d0d0d0d
353531370d0d0d0d
373131350d0d0d0d
373131330d0d0d0d
313131350d0d0d0d
313131350d0d0d0d
3131313131333335
3131313131333735
3131313131333731
3131313131333731
3131313131333531
3131313131333331
3131313131333331
3131313131333531
3131313131313131
3131313131313131
3131313131313131
3131313131313131
3131313131313131
3131313131313131
3131313131313131
3131313131313131
3131313131313131
3131313131313131
3131313131313131
3131313131313131
3131313131313131
3131313131313131
3131313131313131
3131313131313131
3131313131313131
3131313131313131
3131313131313131
3131313131313131
3131313131313131
3131313131313131
3131313131313131
3131313131313131
3131313131313131
3131313131313131
3131313131313131
3131313131313131
3131313131313131
3131313131313131
3131313131313131
3131313131313131
3131313131313131
3131313131313131
3131313131313131
3131313131313131
3131313131313131
3131313131313131
3131313131313131
3131313131313131
3131313131313131
3131313131313131
3131313131313131
3131313131313131
3131313131313131
3131313131313131
3131313131313131
3131313131313131
3131313131313131
3131313131313131
3131313131313131
3131313131313131
3131313131313131
3131313131313131
3131313131313131
3131313131313131
3131313131313131
3131313131313131
3131313131313131
3131313131313131
3131313131313131
3131313131313131
3131313131313131
3131313131313131
3131313131313131
3131313131313131
3131313131313131
3131313131313131
3131313131313131
3131313131313131
3131313131313131
3131313131313131
3131313131313131
3131313131313131
3131313131313131
3131313131313131
3131313131313131
3131313131313131
3131313131313131
3131313131313131
3131313131313131
3131313131313131
3131313131313131
3131313131313131
3131313131313131
3131313131313131
3131313131313131
3131313131313131
3131313131313131
3131313131313131
3131313131313131
3131313131313131
3131313131313131
3131313131313131
3131313131313131
3131313131313131
1f1f1f1f1f1f1f1f
1f1f1f1f1f1f1f1f
1f1f1f1f1f1f1f1f
1f1f1f1f1f1f1f1f
1f1f1f1f1f1f1f1f
1f1f1f1f1f1f1f1f
1f1f1f1f1f1f1f1f
1f1f1f1f1f1f1f1f
1f1f1f1f1f1f1f1f
1f1f1f1f1f1f1f1f
1f1f1f1f1f1f1f1f
1f1f1f1f1f1f1f1f
1f1f1f1f1f1f1f1f
1f1f1f1f1f1f1f1f
1f1f1f1f1f1f1f1f
1f1f1f1f1f1f1f1f
1f1f1f1f1f1f1f1f
1f1f1f1f1f1f1f1f
1f1f1f1f1f1f1f1f
1f1f1f1f1f1f1f1f
1f1f1f1f1f1f1f1f
1f1f1f1f1f1f1f1f
1f1f1f1f1f1f1f1f
1f1f1f1f1f1f1f1f
1f1f1f1f1f1f1f1f
1f1f1f1f1f1f1f1f
1f1f1f1f1f1f1f1f
1f1f1f1f1f1f1f1f
1f1f1f1f1f1f1f1f
1f1f1f1f1f1f1f1f
1f1f1f1f1f1f1f1f
1f1f1f1f1f1f1f1f
3131313131313131
3131313131313131
3131313131313131
3131313131313131
3131313131313131
3131313131313131
3131313131313131
3131313131313131
3131313131313131
3131313131313131
3131313131313131
3131313131313131
3131313131313131
3131313131313131
3131313131313131
3131313131313131
3131313131313131
3131313131313131
3131313131313131
3131313131313131
3131313131313131
3131313131313131
3131313131313131
3131313131313131
3131313131313131
3131313131313131
3131313131313131
3131313131313131
3131313131313131
3131313131313131
3131313131313131
3131313131313131
3131313131313131
3131313131313131
3131313131313131
3131313131313131
3131313131313131
3131313131313131
3131313131313131
3131313131313131
3131313131313131
3131313131313131
3131313131313131
3131313131313131
3131313131313131
3131313131313131
3131313131313131
3131313131313131
3131313131313131
3131313131313131
3131313131313131
3131313131313131
3131313131313131
3131313131313131
3131313131313131
3131313131313131
3131313131313131
3131313131313131
3131313131313131
3131313131313131
3131313131313131
3131313131313131
3131313131313131
3131313131313131
3131313131313131
3131313131313131
3131313131313131
3131313131313131
3131313131313131
3131313131313131
3131313131313131
3131313131313131
3131313131313131
3131313131313131
3131313131313131
3131313131313131
3131313131313131
3131313131313131
3131313131313131
3131313131313131
3131313131313131
3131313131313131
3131313131313131
3131313131313131
3131313131313131
3131313131313131
3131313131313131
3131313131313131
3131313131313131
3131313131313131
3131313131313131
3131313131313131
3131313131313131
3131313131313131
3131313131313131
3131313131313131
0d33313131313131
0d33313131313131
0d33313131313131
0d33313131313131
0d33313131313131
0d33313131313131
0d33313131313131
0d33313131313131
0d0d313131330533
0d0d330505050533
0d0d330505053133
0d0d31333131330d
0d0d33333333310d
0d0d33330d0d0d0d
0d0d330d0d0d0d0d
0d0d0d0d0d0d0d0d
0d33313131313131
0d33313131313131
0d33313131313131
0d33313131313131
0d33313131313131
0d33313131313131
0d33313131313131
0d33313131313131
0d0d0d0d0d0d0d0d
0d0d0d0d0d0d0d0d
0d0d0d0d0d0d0d0d
0d0d0d0d0d0d0d0d
0d0d0d0d0d0d0d0d
0d0d0d0d0d0d0d0d
0d0d0d0d0d0d0d0d
3333310d0d0d0d0d
330d313333310d0d
330d330505330d0d
3331333131310d0d
330d0d0d0d0d0d0d
330d0d0d0d0d0d0d
330d0d0d0d0d0d0d
330d0d0d0d0d0d0d
330d0d0d0d0d0d0d
05313105330d3331
05050531330d3331
05050533310d3331
333131330d0d3331
333333310d0d3331
3131313131313331
3131313131333331
0d0d0d0d0d313531
330d0d0d0d0d0d0d
330d0d0d0d0d0d0d
330d0d0d0d0d0d0d
330d0d0d0d0d0d0d
330d0d0d0d0d0d0d
330d0d0d0d0d0d0d
330d0d0d0d0d0d0d
330d0d0d0d0d0d0d
0d0d0d0d0d0d3531
0d0d0d0d0d0d3531
33330d0d0d0d3331
33330d0d0d0d3331
33330d0d0d0d3331
33330d0d0d0d3331
33330d0d0d0d3331
33330d0d0d0d3331
31330d0d0d0d0d33
0533330d0d0d0d33
3131310d0d0d3133
0d0d0d0d0d0d3131
0d0d0d0d0d0d3131
3131313131313133
3131313131313131
0d0d0d0d0d0d0d0d
31370d3331330d31
35350d3331333133
350d0d3331333331
370d0d3331330d0d
0d0d0d3331330d0d
3131313331333131
3131333331353131
0d0d333331350d0d
0d0d0d0d0d0d0d0d
0d0d0d0d0d0d0d0d
0d33350d0d0d0d0d
353537330d0d0d0d
373733350d0d0d0d
353531370d0d0d0d
353131350d0d0d0d
373131330d0d0d0d
0d0d313331350d0d
0d0d0d3531330d0d
0d0d0d3331333335
0d0d0d3331333735
0d0d0d3331333731
0d0d0d3331333731
0d0d0d3331333531
0d0d0d3331333331
0d0d0d0d37313533
0d0d0d3135313131
0d0d0d3733313131
0d0d0d3731353133
0d0d0d3533373537
3131313537313131
3131313131313131
0d0d0d0d0d0d0d0d
3331310d0d370d0d
3331310d0d350d0d
3331310d0d370d0d
3331310d0d330d0d
3331310d0d0d0d0d
3331333131313131
3331353131313131
3331350d0d0d0d0d
0d0d0d0d0d0d0d0d
0d0d0d0d0d0d0d0d
0d0d0d0d0d31310d
0d0d0d0d0d31310d
0d0d0d0d0d31310d
0d0d0d0d0d31310d
0d0d0d0d0d31310d
0d0d0d0d0d31310d
3331330d0d0d0d0d
3331330d0d0d0d0d
3331310d0d0d0d0d
3331310d0d0d0d0d
3331310d3133310d
3331310d3305330d
3331310d3305330d
3331310d3105330d
330d0d0d0d0d0d31
330d0d0d0d0d0d31
31310d0d0d0d0d31
05330d0d0d0d0d31
05330d0d0d0d0d31
0533310d0d0d0d31
0531310d0d0d0d31
0505330d0d0d0d31
0d0d0d0d0d0d3305
0d0d0d0d0d0d3305
0d0d0d0d0d313105
0d0d0d0d0d330505
0d0d0d0d0d330505
0d0d0d0d0d330505
0d0d0d0d31310505
0d0d0d0d33050505
0505330d0d0d0d31
050533310d0d0d31
050505330d0d0d31
050505330d0d0d31
050505330d0d0d31
050505330d0d0d31
050505330d0d0d31
050505330d0d0d31
0d0d0d0d33050505
0d0d0d0d33050505
0d0d0d3131050505
0d0d0d3305050505
0d0d0d3305050505
0d0d0d3305050505
0d0d0d3305050505
0d0d0d3305050505
0d0d0d0d33313331
0d0d0d0d33313331
0d0d0d0d33313331
0d0d0d0d33313331
0d0d0d0d33313331
0d0d0d0d33313331
0d0d0d0d33313331
0d0d0d0d33313331
0d0d0d0d0d0d0d0d
0d0d0d0d0d0d0d0d
0d0d0d0d310d0d0d
0d0d0d0d350d0d0d
0d0d0d0d370d0d0d
0d0d0d33350d0d0d
0d0d0d37350d0d0d
0d0d0d3533350d0d
0d0d0d0d33313331
0d0d0d0d33313331
0d0d0d0d33313331
0d0d0d0d33313331
0d0d0d0d33313331
0d0d0d0d33313331
0d0d0d0d33313331
0d0d0d0d33313331
0d0d0d3731370d0d
0d0d0d3731370d0d
0d0d0d3531370d0d
0d0d333531370d0d
0d0d37313135330d
0d0d37313133350d
0d0d37313131370d
0d0d37313131370d
0d3331330d0d0d0d
0d3331330d0d0d0d
0d3331330d0d0d0d
0d3331330d0d0d0d
0d3331330d0d0d0d
0d3331330d0d0d0d
0d3331330d0d0d0d
0d3331330d0d0d0d
0d0d0d0d0d0d0d0d
0d0d0d0d0d0d0d0d
0d310d0d0d0d0d0d
31370d0d0d0d0d0d
35370d0d0d0d0d0d
37370d0d0d0d0d0d
37370d0d0d0d0d0d
37370d0d0d0d0d0d
0d3331330d0d0d0d
0d3331330d0d0d0d
0d3331330d0d0d0d
0d3331330d0d0d0d
0d3331330d0d0d0d
0d3331330d0d0d0d
0d3331330d0d0d0d
0d3331330d0d0d0d
3735350d0d0d0d0d
3531350d0d0d0d0d
3531370d0d0d0d0d
3131370d0d0d0d0d
3131370d0d0d0d0d
313135330d0d0d0d
313133350d0d0d0d
313131370d0d0d0d
330d0d0d0d0d0d0d
330d0d0d0d0d0d0d
330d0d0d0d0d0d0d
330d0d0d0d0d0d0d
330d0d0d0d0d0d0d
330d0d0d0d0d0d0d
330d0d0d0d0d0d0d
330d0d0d0d0d0d0d
37370d33350d3331
37350d33350d3331
35370d33350d3331
35370d35370d3331
33353337350d3331
33333535350d3331
33313531370d3331
35353133350d3331
330d0d0d0d0d0d0d
330d0d0d0d0d0d0d
330d0d0d0d0d0d35
330d0d0d0d0d0d37
330d0d0d0d0d0d37
330d0d0d0d0d0d37
330d0d0d0d0d0d37
330d0d0d0d0d3335
353733350d0d3331
353537370d0d3331
37350d0d0d0d3331
35370d35310d3331
35353135370d3331
37333535350d3331
35333733370d3331
33353131350d3331
313131370d0d0d0d
313131370d0d0d0d
313133350d0d0d0d
313135330d0d0d0d
3131370d0d0d0d0d
3131370d0d0d0d0d
3131370d0d0d0d0d
3131350d0d0d0d0d
3131313131333731
3131313131333531
3131313131333731
3131313131333531
3131313131333731
3131313131333335
3131313131330d37
3131313131330d37
3135330d0d0d0d0d
31370d0d0d0d0d0d
33370d0d0d0d0d0d
35370d0d0d0d0d0d
37370d0d0d0d0d0d
35350d0d0d0d0d0d
35350d0d0d0d0d0d
37330d0d0d0d0d0d
3131313131330d37
3131313131330d37
3131313131330d35
3131313131330d0d
3131313131330d0d
3131313131330d0d
3131313131330d0d
3131313131330d0d
3131313131313131
3131313131313131
3131313131313131
3131313131313131
3131313131313131
3131313131313131
3131313131313131
3131313131313131
3131313131313131
3131313131313131
3131313131313131
3131313131313131
3131313131313131
3131313131313131
3131313131313131
3131313131313131
3131313131313131
3131313131313131
3131313131313131
3131313131313131
3131313131313131
3131313131313131
3131313131313131
3131313131313131
3131313131313131
3131313131313131
3131313131313131
3131313131313131
3131313131313131
3131313131313131
3131313131313131
3131313131313131
3131313131313131
3131313131313131
3131313131313131
3131313131313131
3131313131313131
3131313131313131
3131313131313131
3131313131313131
3131313131313131
3131313131313131
3131313131313131
3131313131313131
3131313131313131
3131313131313131
3131313131313131
3131313131313131
3131313131313131
3131313131313131
3131313131313131
3131313131313131
3131313131313131
3131313131313131
3131313131313131
3131313131313131
3131313131313131
3131313131313131
3131313131313131
3131313131313131
3131313131313131
3131313131313131
3131313131313131
3131313131313131
3131313131313131
3131313131313131
3131313131313131
3131313131313131
3131313131313131
3131313131313131
3131313131313131
3131313131313131
3131313131313131
3131313131313131
3131313131313131
3131313131313131
3131313131313131
3131313131313131
3131313131313131
3131313131313131
3131313131313131
3131313131313131
3131313131313131
3131313131313131
3131313131313131
3131313131313131
3131313131313131
3131313131313131
3131313131313131
3131313131313131
3131313131313131
3131313131313131
3131313131313131
3131313131313131
3131313131313131
3131313131313131
1f1f1f1f1f1f1f1f
1f1f1f1f1f1f1f1f
1f1f1f1f1f1f1f1f
1f1f1f1f1f1f1f1f
1f1f1f1f1f1f1f1f
1f1f1f1f1f1f1f1f
1f1f1f1f1f1f1f1f
1f1f1f1f1f1f1f1f
1f1f1f1f1f1f1f1f
1f1f1f1f1f1f1f1f
1f1f1f1f1f1f1f1f
1f1f1f1f1f1f1f1f
1f1f1f1f1f1f1f1f
1f1f1f1f1f1f1f1f
1f1f1f1f1f1f1f1f
1f1f1f1f1f1f1f1f
1f1f1f1f1f1f1f1f
1f1f1f1f1f1f1f1f
1f1f1f1f1f1f1f1f
1f1f1f1f1f1f1f1f
1f1f1f1f1f1f1f1f
1f1f1f1f1f1f1f1f
1f1f1f1f1f1f1f1f
1f1f1f1f1f1f1f1f
1f1f1f1f1f1f1f1f
1f1f1f1f1f1f1f1f
1f1f1f1f1f1f1f1f
1f1f1f1f1f1f1f1f
1f1f1f1f1f1f1f1f
1f1f1f1f1f1f1f1f
1f1f1f1f1f1f1f1f
1f1f1f1f1f1f1f1f
3131313131313131
3131313131313131
3131313131313131
3131313131313131
3131313131313131
3131313131313131
3131313131313131
3131313131313131
3131313131313131
3131313131313131
3131313131313131
3131313131313131
3131313131313131
3131313131313131
3131313131313131
3131313131313131
3131313131313131
3131313131313131
3131313131313131
3131313131313131
3131313131313131
3131313131313131
3131313131313131
3131313131313131
3131313131313131
3131313131313131
3131313131313131
3131313131313131
3131313131313131
3131313131313131
3131313131313131
3131313131313131
3131313131313131
3131313131313131
3131313131313131
3131313131313131
3131313131313131
3131313131313131
3131313131313131
3131313131313131
3131313131313131
3131313131313131
3131313131313131
3131313131313131
3131313131313131
3131313131313131
3131313131313131
3131313131313131
3131313131313131
3131313131313131
3131313131313131
3131313131313131
3131313131313131
3131313131313131
3131313131313131
3131313131313131
3131313131313131
3131313131313131
3131313131313131
3131313131313131
3131313131313131
3131313131313131
3131313131313131
3131313131313131
3131313131313131
3131313131313131
3131313131313131
3131313131313131
3131313131313131
3131313131313131
3131313131313131
3131313131313131
3131313131313131
3131313131313131
3131313131313131
3131313131313131
3131313131313131
3131313131313131
3131313131313131
3131313131313131
3131313131313131
3131313131313131
3131313131313131
3131313131313131
3131313131313131
3131313131313131
3131313131313131
3131313131313131
3131313131313131
3131313131313131
3131313131313131
3131313131313131
3131313131313131
3131313131313131
3131313131313131
3131313131313131
0d33313131313131
0d33313131313131
0d33313131313131
0d33313131313131
0d33313131313131
0d33313131313131
0d33313131313131
0d33313131313131
3131330d0d0d0d0d
0505330d0d0d0d0d
050533310d0d0d0d
050531310d0d0d0d
050505330d0d0d0d
050505330d0d0d0d
050505310d0d0d0d
050505310d0d0d0d
0d33313131313131
0d33313131313131
0d33313131313131
0d33313131313131
0d33313131313131
0d33313131313131
0d33313131313131
0d33313131313131
050505310d0d0d0d
050505310d0d0d0d
050505330d0d0d0d
050505330d0d0d0d
05053133330d0d0d
0505313333310d0d
0505313105330d0d
0505050505330d0d
330d0d0d0d0d0d31
330d0d0d0d0d0d33
330d0d0d0d0d0d33
330d0d0d0d0d0d33
330d0d0d0d0d3131
330d0d0d0d0d3105
330d0d0d0d0d3105
330d0d0d0d0d3105
33330d0d0d0d3331
33330d0d0d0d3331
33330d0d0d0d3331
33330d0d0d0d3331
33330d0d0d0d3331
33330d0d0d0d3331
33330d0d0d0d3331
33330d0d0d0d3331
330d0d0d0d0d3105
330d0d0d0d0d3105
330d0d0d0d0d3131
330d0d0d0d0d3131
330d0d0d0d333331
330d0d0d31333333
330d0d0d33050531
330d0d0d33050505
33330d0d0d0d3331
33330d0d0d0d3331
33330d0d0d0d3331
33330d35330d3331
33330d35350d3331
35333335330d3331
35353335350d3331
37313737370d3331
313131330d0d0d0d
313131350d0d0d0d
313131370d0d0d0d
313131350d0d0d0d
313133350d0d0d0d
3131370d0d0d0d0d
3131370d0d0d0d0d
3131370d0d0d0d0d
0d0d0d3331333331
0d0d0d3331333531
0d0d0d3331333731
0d0d0d3331333731
0d0d0d3331333731
0d0d0d3331333531
0d0d0d3331333731
0d0d0d3331333533
3131370d0d0d0d0d
3133350d0d0d0d0d
3135330d0d0d0d0d
31370d0d0d0d0d0d
33370d0d0d0d0d0d
35350d0d0d0d0d0d
37370d0d0d0d0d0d
35350d0d0d0d0d0d
0d0d0d3331330d37
0d0d0d3331330d37
0d0d0d3331330d37
31310d3331330d37
33330d3331330d35
33310d3331330d31
31310d3331330d0d
31310d3331330d0d
0d0d0d0d0d31310d
0d0d0d0d0d31310d
0d0d0d0d0d31310d
0d0d0d0d0d31310d
310d0d0d0d31310d
330d0d0d0d31310d
330d0d0d0d31310d
310d0d0d0d31310d
3331310d3105310d
3331310d3105310d
3331310d3105330d
3331313333053333
3331313333053333
3331333105050505
3331330505050505
3331330505050505
310d0d0d0d31310d
310d0d0d0d31310d
330d0d0d0d31310d
330d0d0d0d31310d
310d0d0d0d33330d
0d0d0d0d0d33330d
0d0d0d0d0d33330d
0d0d0d0d0d333133
3331330505050505
3331330505330505
3331333105350505
3331333105353105
3331313333333331
3331313333333333
3331310d0d33310d
3331310d3131330d
050505310d0d0d31
050505310d0d0d31
050505310d0d0d31
050505310d0d0d31
050505330d0d0d31
310505330d0d0d31
330505330d0d0d31
330505330d0d0d31
0d0d0d3305050505
0d0d0d3105050505
0d0d0d3305050531
0d0d0d3305050533
0d0d0d3305050535
0d0d0d3305053135
0d0d0d3305053333
0d0d0d3331053333
333131310d0d0d31
0d33330d0d0d0d31
0d0d0d0d0d0d0d31
310d0d0d0d0d0d31
310d0d0d0d0d0d31
330d0d0d0d0d0d31
330d0d0d0d0d0d31
33310d0d0d0d0d31
0d0d0d3133313333
0d0d0d0d33333135
0d0d0d0d0d0d0d33
0d0d0d0d0d0d3133
0d0d0d0d0d0d3131
0d0d0d0d0d0d3305
0d0d0d0d0d0d3305
0d0d0d0d0d0d3305
0d0d0d0d33313331
0d0d0d0d33313331
0d0d0d0d33313331
0d0d0d0d33313331
0d0d0d0d33313331
0d0d0d0d33313331
0d0d0d0d33313331
350d0d0d33313331
0d3335313131370d
0d37313131313731
0d37313131313335
0d37313131313137
0d37313131313137
3335313131313137
3533313131313137
3731313131313133
370d0d0d33313331
350d0d0d33313331
370d0d0d33313331
350d0d0d33313331
0d0d0d0d33313331
0d0d0d0d33313331
0d0d0d0d33313331
0d0d0d0d33313331
3731313131313131
3731313131313131
3731313131313131
3731313131313133
3533313131313137
3335313131313137
0d37313131313137
0d37313131313137
0d3331330d0d0d0d
0d3331330d0d0d0d
0d3331330d0d0d0d
0d3331330d0d0d0d
0d3331330d0d0d0d
0d3331330d0d0d0d
0d3331330d0d0d0d
0d3331330d0d0d0d
313131370d0d0d0d
313131370d0d0d0d
31313137310d0d0d
31313133350d0d0d
31313131370d0d0d
31313131370d0d0d
31313131370d0d0d
3131313137310d0d
0d3331330d0d0d0d
0d3331330d0d0d0d
0d3331330d0d0d0d
0d3331330d0d0d0d
0d3331330d0d0d0d
0d3331330d0d0d0d
0d3331330d0d0d0d
0d3331330d0d0d0d
3131313133350d0d
3131313131370d0d
3131313133350d0d
31313131370d0d0d
31313131370d0d0d
31313131370d0d0d
31313131370d0d0d
31313133350d0d0d
330d0d0d0d0d3531
330d0d0d0d0d3731
330d0d0d0d0d3731
330d0d0d0d0d3731
330d0d0d0d333531
330d0d0d0d353331
330d0d0d0d373131
330d0d0d0d373131
0d373133350d3331
0d3533350d0d3331
0d3335350d0d3331
0d0d0d0d0d0d3331
0d0d0d0d0d0d3331
0d0d0d0d0d0d3331
0d0d0d0d0d0d3331
0d0d0d0d0d0d3331
330d0d0d0d373131
330d0d0d0d353131
330d0d0d0d373131
330d0d0d0d373131
330d0d0d0d373131
330d0d0d0d353331
330d0d0d0d313531
330d0d0d0d0d3731
0d0d0d0d0d0d3331
330d0d0d0d0d3331
37370d0d0d0d3331
3137310d0d0d3331
3133350d0d0d3331
3131370d0d0d3331
3131370d0d0d3331
3131350d0d0d3331
370d0d0d0d0d0d0d
330d0d0d0d0d0d0d
0d0d0d0d0d0d0d0d
0d0d0d0d0d0d0d0d
0d0d0d0d0d0d0d0d
0d0d0d0d0d0d0d0d
0d0d0d0d0d0d0d0d
0d0d0d0d0d0d0d0d
3131313131330d0d
3131313131330d0d
3131313131330d0d
3131313131330d0d
3131313131330d0d
3131313131330d0d
3131313131330d0d
3131313131330d0d
0d0d0d0d0d0d0d0d
0d0d0d330d0d0d0d
0d0d3537370d0d37
0d333731350d0d35
0d37313135333533
0d37313131373731
0d35313131353731
0d37313131373731
3131313131330d0d
3131313131330d0d
3131313131330d0d
3131313131330d0d
3131313131330d0d
3131313131330d0d
3131313131330d0d
3131313131330d0d
3131313131313131
3131313131313131
3131313131313131
3131313131313131
3131313131313131
3131313131313131
3131313131313131
3131313131313131
3131313131313131
3131313131313131
3131313131313131
3131313131313131
3131313131313131
3131313131313131
3131313131313131
3131313131313131
3131313131313131
3131313131313131
3131313131313131
3131313131313131
3131313131313131
3131313131313131
3131313131313131
3131313131313131
3131313131313131
3131313131313131
3131313131313131
3131313131313131
3131313131313131
3131313131313131
3131313131313131
3131313131313131
3131313131313131
3131313131313131
3131313131313131
3131313131313131
3131313131313131
3131313131313131
3131313131313131
3131313131313131
3131313131313131
3131313131313131
3131313131313131
3131313131313131
3131313131313131
3131313131313131
3131313131313131
3131313131313131
3131313131313131
3131313131313131
3131313131313131
3131313131313131
3131313131313131
3131313131313131
3131313131313131
3131313131313131
3131313131313131
3131313131313131
3131313131313131
3131313131313131
3131313131313131
3131313131313131
3131313131313131
3131313131313131
3131313131313131
3131313131313131
3131313131313131
3131313131313131
3131313131313131
3131313131313131
3131313131313131
3131313131313131
3131313131313131
3131313131313131
3131313131313131
3131313131313131
3131313131313131
3131313131313131
3131313131313131
3131313131313131
3131313131313131
3131313131313131
3131313131313131
3131313131313131
3131313131313131
3131313131313131
3131313131313131
3131313131313131
3131313131313131
3131313131313131
3131313131313131
3131313131313131
3131313131313131
3131313131313131
3131313131313131
3131313131313131
1f1f1f1f1f1f1f1f
1f1f1f1f1f1f1f1f
1f1f1f1f1f1f1f1f
1f1f1f1f1f1f1f1f
1f1f1f1f1f1f1f1f
1f1f1f1f1f1f1f1f
1f1f1f1f1f1f1f1f
1f1f1f1f1f1f1f1f
1f1f1f1f1f1f1f1f
1f1f1f1f1f1f1f1f
1f1f1f1f1f1f1f1f
1f1f1f1f1f1f1f1f
1f1f1f1f1f1f1f1f
1f1f1f1f1f1f1f1f
1f1f1f1f1f1f1f1f
1f1f1f1f1f1f1f1f
1f1f1f1f1f1f1f1f
1f1f1f1f1f1f1f1f
1f1f1f1f1f1f1f1f
1f1f1f1f1f1f1f1f
1f1f1f1f1f1f1f1f
1f1f1f1f1f1f1f1f
1f1f1f1f1f1f1f1f
1f1f1f1f1f1f1f1f
1f1f1f1f1f1f1f1f
1f1f1f1f1f1f1f1f
1f1f1f1f1f1f1f1f
1f1f1f1f1f1f1f1f
1f1f1f1f1f1f1f1f
1f1f1f1f1f1f1f1f
1f1f1f1f1f1f1f1f
1f1f1f1f1f1f1f1f
3131313131313131
3131313131313131
3131313131313131
3131313131313131
3131313131313131
3131313131313131
3131313131313131
3131313131313131
3131313131313131
3131313131313131
3131313131313131
3131313131313131
3131313131313131
3131313131313131
3131313131313131
3131313131313131
3131313131313131
3131313131313131
3131313131313131
3131313131313131
3131313131313131
3131313131313131
3131313131313131
3131313131313131
3131313131313131
3131313131313131
3131313131313131
3131313131313131
3131313131313131
3131313131313131
3131313131313131
3131313131313131
3131313131313131
3131313131313131
3131313131313131
3131313131313131
3131313131313131
3131313131313131
3131313131313131
3131313131313131
3131313131313131
3131313131313131
3131313131313131
3131313131313131
3131313131313131
3131313131313131
3131313131313131
3131313131313131
3131313131313131
3131313131313131
3131313131313131
3131313131313131
3131313131313131
3131313131313131
3131313131313131
3131313131313131
3131313131313131
3131313131313131
3131313131313131
3131313131313131
3131313131313131
3131313131313131
3131313131313131
3131313131313131
3131313131313131
3131313131313131
3131313131313131
3131313131313131
3131313131313131
3131313131313131
3131313131313131
3131313131313131
3131313131313131
3131313131313131
3131313131313131
3131313131313131
3131313131313131
3131313131313131
3131313131313131
3131313131313131
3131313131313131
3131313131313131
3131313131313131
3131313131313131
3131313131313131
3131313131313131
3131313131313131
3131313131313131
3131313131313131
3131313131313131
3131313131313131
3131313131313131
3131313131313131
3131313131313131
3131313131313131
3131313131313131
0d33313131313131
0d33313131313131
0d33313131313131
0d33313131313131
0d33313131313131
0d33313131313131
0d33313131313131
0d33313131313131
0505050505330d0d
050505050531310d
050505050531310d
050505050505310d
050505050505310d
050505050505310d
053105050505310d
313305050505310d
0d33313131313131
0d33313131313131
0d33313131313131
0d33313131313131
0d33313131313131
0d33313131313131
0d33313131313131
0d33313131313131
333305050505310d
333305050531310d
3333050505330d0d
3333310505330d0d
3333330505330d0d
3331333131330d0d
33333133330d0d0d
33330d31310d0d0d
330d0d0d33050505
330d0d0d33050505
330d0d0d31050505
330d0d3131050505
330d0d3131050505
330d0d3131050505
330d0d3131050505
330d0d3131050505
35313533350d3331
33353131370d3331
0d373133350d3531
0d3533350d0d3331
0d3335350d0d3331
3131313131313331
3131313131333331
0d0d0d0d0d313331
330d0d0d31050505
330d0d0d33050505
330d0d0d33050505
330d0d0d33050505
330d0d0d33050533
330d0d0d31310533
330d0d0d0d333333
330d0d0d0d31310d
0d0d0d0d0d0d3331
0d0d0d0d0d0d3531
310d31310d0d3331
333131330d0d3331
05333131310d3331
05333105330d3331
31333105330d3331
3333310533313331
35330d0d0d0d0d0d
350d0d0d0d0d0d0d
370d0d0d0d0d0d0d
330d0d0d0d0d0d0d
0d0d0d0d0d0d0d0d
3131313131313131
3131313131313131
0d0d0d0d0d0d0d0d
05330d3331330d0d
31310d3331330d0d
33310d3531330d0d
330d0d3331330d0d
310d0d3331330d0d
3131313331333131
3131333331353131
0d0d333331350d0d
0d0d0d0d0d0d0d0d
0d0d0d0d0d0d0d0d
310d0d0d0d0d0d31
330d0d0d0d0d0d33
330d0d0d0d0d3131
33310d0d0d0d3305
33310d0d0d0d3331
33330d0d0d0d3133
0d0d313331350d0d
0d0d0d3531330d0d
330d0d3331330d0d
350d0d3331330d0d
370d0d3331330d0d
35330d3331330d0d
31370d3331330d0d
31370d3331330d0d
0d0d0d0d0d330533
0d0d0d0d0d333105
0d0d0d0d0d313105
0d0d0d0d0d0d3305
0d0d0d0d0d0d3133
3131313131313131
3131313131313131
0d0d0d0d0d0d0d0d
3331310d3305330d
3333313133053333
3333333331313133
3333330d0d0d0d0d
3333330d0d0d0d0d
3333333131313131
3331353131313131
3331350d0d0d0d0d
0d0d0d0d0d0d0d0d
0d0d0d0d0d0d0d0d
0d0d0d0d33330d33
0d0d0d3337350d33
330d0d3731333533
350d0d3731313733
350d0d3733333733
330d0d3737373733
3331330d0d0d0d0d
3331330d0d0d0d0d
33313133330d3533
3331313537333535
3331313731353335
3331333531373133
3331353331353131
3331333131373131
31330d0d0d0d0d31
0533310d0d0d0d31
050533310d0d0d31
313131310d0d0d31
0d0d0d0d0d0d0d31
0d0d0d0d0d0d0d31
0d0d0d0d0d0d0d31
0d0d0d0d0d0d0d31
0d0d0d0d0d333105
0d0d0d0d31330505
0d0d0d0d33050505
0d0d0d0d33313131
0d0d0d0d0d0d0d0d
0d0d0d0d0d0d0d0d
0d0d0d0d0d0d0d0d
0d0d0d0d0d0d0d0d
0d0d0d0d0d0d0d31
0d0d0d0d0d0d0d31
0d0d0d0d0d0d0d31
0d0d0d0d0d0d0d31
0d0d0d0d0d0d0d31
0d0d0d0d0d0d0d31
0d0d0d0d0d0d0d31
0d0d0d0d0d0d0d35
0d0d0d0d0d0d0d0d
0d0d0d0d0d0d0d0d
0d0d0d0d0d0d0d0d
0d0d0d0d0d0d0d0d
0d0d0d0d0d0d0d0d
0d0d0d0d0d0d0d0d
0d0d0d0d0d0d0d0d
0d0d0d0d0d0d0d0d
0d0d0d0d33313331
0d0d0d0d33313331
0d0d0d0d33333331
0d0d0d0d33313531
0d0d0d0d33313331
0d0d0d0d33313331
0d0d0d0d33313331
0d0d0d0d33313331
0d37313131313335
0d3731313131370d
0d3335313131370d
0d0d37313131370d
0d0d37313131370d
0d0d37313133350d
0d0d37313135330d
0d0d353331370d0d
0d0d0d0d33313331
0d0d0d0d33313331
0d0d0d0d33313331
0d0d0d0d33313331
0d0d0d0d33313331
0d0d0d0d33313331
0d0d0d0d33313331
0d0d0d0d33313333
0d0d0d3531370d0d
0d0d0d3731350d0d
0d0d0d3731370d0d
0d0d0d3533350d0d
0d0d0d37350d0d0d
0d0d0d35350d0d0d
0d0d0d0d370d0d0d
0d0d0d0d350d0d0d
0d3331330d0d0d0d
0d3331330d0d0d0d
0d3331330d0d0d0d
0d3331330d0d0d0d
0d3331330d0d0d0d
0d3331330d0d0d0d
0d3331330d0d0d0d
0d3331330d0d0d0d
313131370d0d0d0d
313131370d0d0d0d
313131370d0d0d0d
313131370d0d0d0d
313133350d0d0d0d
313135330d0d0d0d
3131370d0d0d0d0d
3131370d0d0d0d0d
0d3331330d0d0d0d
0d3331330d0d0d0d
0d3331330d0d0d0d
0d3331330d0d0d0d
0d3331330d0d0d0d
0d3331330d0d0d0d
0d3331330d0d0d0d
0d3331330d0d0d0d
3331370d0d0d0d0d
3531370d0d0d0d0d
3733350d0d0d0d0d
37370d0d0d0d0d0d
35370d0d0d0d0d0d
37370d0d0d0d0d0d
35370d0d0d0d0d0d
0d370d0d0d0d0d0d
330d0d0d0d0d3731
330d0d0d0d0d3731
330d0d0d0d0d3533
330d0d0d0d0d3335
330d0d0d0d0d0d37
330d0d0d0d0d0d37
330d0d0d0d0d0d37
330d0d0d0d0d0d37
3131370d0d0d3331
3131370d0d0d3331
3131350d0d0d3331
3131350d0d0d3331
3131350d0d0d3331
3131370d0d0d3331
3131370d0d0d3331
3131350d0d0d3331
330d0d0d0d0d0d35
330d0d0d0d0d0d0d
330d0d0d0d0d0d0d
330d0d0d0d0d0d0d
330d0d0d0d0d0d0d
330d0d0d0d0d0d0d
330d0d0d0d0d0d0d
330d0d0d0d0d0d0d
3131370d0d0d3331
3131370d0d0d3331
3131370d0d0d3331
3131370d0d0d3331
3133350d0d0d3331
31370d0d0d0d3331
31370d0d0d0d3331
31370d0d0d0d3331
0d35313131373731
0d33313131373531
0d33313131353531
0d33313131313131
0d33313131313131
0d35313131313131
0d35313131313131
0d37313131313131
3131313131330d0d
3131313131330d0d
3131313131330d0d
3131313131330d0d
3131313131330d0d
3131313131330d0d
3131313131330d0d
3131313131330d0d
0d35313131313131
0d35313131313131
0d37313131313131
0d37313131313131
0d37313131313131
0d33353131313131
0d0d373131313131
0d0d373131313131
3131313131330d0d
3131313131330d0d
3131313131330d0d
3131313131330d0d
3131313131330d0d
3131313131330d0d
3131313131330d0d
3131313131330d0d
3131313131313131
3131313131313131
3131313131313131
3131313131313131
3131313131313131
3131313131313131
3131313131313131
3131313131313131
3131313131313131
3131313131313131
3131313131313131
3131313131313131
3131313131313131
3131313131313131
3131313131313131
3131313131313131
3131313131313131
3131313131313131
3131313131313131
3131313131313131
3131313131313131
3131313131313131
3131313131313131
3131313131313131
3131313131313131
3131313131313131
3131313131313131
3131313131313131
3131313131313131
3131313131313131
3131313131313131
3131313131313131
3131313131313131
3131313131313131
3131313131313131
3131313131313131
3131313131313131
3131313131313131
3131313131313131
3131313131313131
3131313131313131
3131313131313131
3131313131313131
3131313131313131
3131313131313131
3131313131313131
3131313131313131
3131313131313131
3131313131313131
3131313131313131
3131313131313131
3131313131313131
3131313131313131
3131313131313131
3131313131313131
3131313131313131
3131313131313131
3131313131313131
3131313131313131
3131313131313131
3131313131313131
3131313131313131
3131313131313131
3131313131313131
3131313131313131
3131313131313131
3131313131313131
3131313131313131
3131313131313131
3131313131313131
3131313131313131
3131313131313131
3131313131313131
3131313131313131
3131313131313131
3131313131313131
3131313131313131
3131313131313131
3131313131313131
3131313131313131
3131313131313131
3131313131313131
3131313131313131
3131313131313131
3131313131313131
3131313131313131
3131313131313131
3131313131313131
3131313131313131
3131313131313131
3131313131313131
3131313131313131
3131313131313131
3131313131313131
3131313131313131
3131313131313131
1f1f1f1f1f1f1f1f
1f1f1f1f1f1f1f1f
1f1f1f1f1f1f1f1f
1f1f1f1f1f1f1f1f
1f1f1f1f1f1f1f1f
1f1f1f1f1f1f1f1f
1f1f1f1f1f1f1f1f
1f1f1f1f1f1f1f1f
1f1f1f1f1f1f1f1f
1f1f1f1f1f1f1f1f
1f1f1f1f1f1f1f1f
1f1f1f1f1f1f1f1f
1f1f1f1f1f1f1f1f
1f1f1f1f1f1f1f1f
1f1f1f1f1f1f1f1f
1f1f1f1f1f1f1f1f
1f1f1f1f1f1f1f1f
1f1f1f1f1f1f1f1f
1f1f1f1f1f1f1f1f
1f1f1f1f1f1f1f1f
1f1f1f1f1f1f1f1f
1f1f1f1f1f1f1f1f
1f1f1f1f1f1f1f1f
1f1f1f1f1f1f1f1f
1f1f1f1f1f1f1f1f
1f1f1f1f1f1f1f1f
1f1f1f1f1f1f1f1f
1f1f1f1f1f1f1f1f
1f1f1f1f1f1f1f1f
1f1f1f1f1f1f1f1f
1f1f1f1f1f1f1f1f
1f1f1f1f1f1f1f1f
3131313131313131
3131313131313131
3131313131313131
3131313131313131
3131313131313131
3131313131313131
3131313131313131
3131313131313131
3131313131313131
3131313131313131
3131313131313131
3131313131313131
3131313131313131
3131313131313131
3131313131313131
3131313131313131
3131313131313131
3131313131313131
3131313131313131
3131313131313131
3131313131313131
3131313131313131
3131313131313131
3131313131313131
3131313131313131
3131313131313131
3131313131313131
3131313131313131
3131313131313131
3131313131313131
3131313131313131
3131313131313131
3131313131313131
3131313131313131
3131313131313131
3131313131313131
3131313131313131
3131313131313131
3131313131313131
3131313131313131
3131313131313131
3131313131313131
3131313131313131
3131313131313131
3131313131313131
3131313131313131
3131313131313131
3131313131313131
3131313131313131
3131313131313131
3131313131313131
3131313131313131
3131313131313131
3131313131313131
3131313131313131
3131313131313131
3131313131313131
3131313131313131
3131313131313131
3131313131313131
3131313131313131
3131313131313131
3131313131313131
3131313131313131
3131313131313131
3131313131313131
3131313131313131
3131313131313131
3131313131313131
3131313131313131
3131313131313131
3131313131313131
3131313131313131
3131313131313131
3131313131313131
3131313131313131
3131313131313131
3131313131313131
3131313131313131
3131313131313131
3131313131313131
3131313131313131
3131313131313131
3131313131313131
3131313131313131
3131313131313131
3131313131313131
3131313131313131
3131313131313131
3131313131313131
3131313131313131
3131313131313131
3131313131313131
3131313131313131
3131313131313131
3131313131313131
0d33313131313131
0d33313131313131
0d33313131313131
0d33313131313131
0d33313131313131
0d33313131313131
0d33313131313131
0d33313131313131
33330d0d0d0d0d0d
3333310d0d0d0d0d
3131310d0d0d0d0d
0505330d0d0d0d0d
050533310d0d0d0d
050531330d0d0d0d
05050533330d0d0d
31313131330d0d0d
0d33313131313131
0d33313131313131
0d33313131313131
0d33313131313131
0d33313131313131
0d33313131313131
0d33313131313131
0d33313131313131
31313131310d0d0d
0d0d0d0d0d0d0d0d
0d0d0d0d0d0d0d0d
0d0d0d0d0d0d0d0d
0d0d0d0d0d0d0d0d
0d0d0d0d0d0d0d0d
0d0d0d0d0d0d0d0d
0d0d0d0d0d0d0d0d
330d0d0d0d0d0d0d
330d0d0d0d0d0d0d
330d0d0d0d0d0d31
330d0d0d0d0d0d33
330d0d0d0d0d0d33
330d0d0d0d0d3333
330d0d0d0d313305
330d0d0d0d333131
3133310531333331
3331313131333331
3331313133313331
3331313133313331
3105313133333331
3105313131333331
31053131310d3331
31053131310d3331
330d0d0d0d313131
330d0d0d0d0d0d0d
330d0d0d0d0d0d0d
330d0d0d0d0d0d0d
330d0d0d0d0d0d0d
330d0d0d0d0d0d0d
330d0d0d0d0d0d0d
330d0d0d0d0d0d0d
31053131310d3331
31053131310d3331
31053131310d3331
31053131310d3331
33313131310d3331
33313131310d3331
33313131310d3331
33333131310d3331
31330d0d0d0d3333
05330d0d0d0d3331
0531310d0d0d3131
0505330d0d0d3131
0505330d0d0d3131
0505330d0d0d3131
050531310d0d3131
050505310d0d3131
3137333331330d31
3331353331330d33
3535333331330d33
3337333331333133
3335333331333331
3333373331333305
330d0d3331333305
330d0d3331333105
050505310d0d3131
310505310d0d3131
333131310d0d3133
333131310d0d3131
3333330d0d0d3131
3333310d0d0d3331
33310d0d0d0d3333
33330d0d0d0d3133
330d0d3331333105
330d0d3331333105
330d0d3331333305
330d0d3331333305
330d0d3331333331
330d0d3331330d33
330d0d3331330d0d
330d0d3331330d0d
350d0d3535373533
350d313337373733
350d333335353533
330d333333333533
0d0d333133333333
0d0d333133333333
0d0d333133333333
0d0d333133333333
3131353131313131
3131353331313131
3131333531313131
3131313531313135
3131313731313137
3131313531313137
3131313731313137
3131313731313137
0d0d333133333333
0d0d333133333333
0d0d333133333333
0d0d333333333333
0d0d333335333533
0d0d333335353733
0d0d0d3537373733
0d0d0d3535353533
3131313533313335
3131310d37313533
3131310d3731370d
3131310d3731370d
3131310d3731370d
3131310d3531370d
3131310d3337350d
3131310d0d350d0d
0d0d0d0d0d0d0d37
3333333333333337
3131313131313131
3131313131313131
3131313131313131
3131313131313131
3131313131313131
3131313131313131
0d0d0d0d0d0d0d0d
3333333333333333
3131313131313131
3131313131313131
3131313131313131
3131313131313131
3131313131313131
3131313131313131
3131313131313131
3131313131313131
3131313131313131
3131313131313131
3131313131313131
3131313131313131
3131313131313131
3131313131313131
3131313131313131
3131313131313131
3131313131313131
3131313131313131
3131313131313131
3131313131313131
3131313131313131
3131313131313131
0d0d0d0d33313135
0d0d0d0d33313137
0d0d0d0d33313131
0d0d0d0d33313131
0d0d0d0d33313131
0d0d0d0d33313131
0d0d0d0d33313131
0d0d0d0d33313131
0d0d0d0d0d0d0d0d
0d0d0d0d0d0d0d0d
0d0d0d0d0d0d0d0d
0d0d0d0d0d0d0d0d
0d0d0d0d0d0d0d0d
0d0d0d0d0d0d0d0d
0d0d0d0d0d0d0d0d
0d0d0d0d0d0d0d0d
0d0d0d0d33313131
0d0d0d0d33313131
0d0d0d0d35313131
0d0d0d0d37313131
3131313137313131
3333333335313131
3131313131313131
3131313131313131
0d0d0d0d0d0d0d0d
0d0d0d0d0d0d0d0d
0d0d0d0d0d0d0d0d
0d0d0d0d0d0d0d0d
3131313131313131
3333333333333333
3131313131313131
3131313131313131
0d3331330d0d0d0d
0d3331330d0d0d0d
0d3331330d0d0d0d
0d3331330d0d0d0d
0d3331330d0d0d0d
0d3331330d0d0d0d
0d3331330d0d0d0d
0d3331330d0d0d0d
0d0d0d0d0d0d0d0d
0d0d0d0d0d0d0d0d
0d0d0d0d0d0d0d0d
0d0d0d0d0d0d0d0d
0d0d0d0d0d0d0d0d
0d0d0d0d0d0d0d0d
0d0d0d0d0d0d0d0d
0d0d0d0d0d0d0d0d
0d3331330d0d0d0d
0d3331330d0d0d0d
0d3531350d0d0d0d
0d373135310d0d0d
3135313335313131
3333313135333333
3131313131313131
3131313131313131
0d0d0d0d0d0d0d0d
0d0d0d0d0d0d0d0d
0d0d0d0d0d0d0d0d
0d0d0d0d0d0d0d0d
3131313131313131
3333333333333333
3131313131313131
3131313131313131
330d0d0d0d0d0d0d
330d0d0d0d0d0d0d
330d0d0d0d0d0d0d
330d0d0d0d0d0d0d
330d0d0d0d0d0d0d
330d0d0d0d0d0d0d
330d0d0d0d0d0d0d
330d0d0d0d0d0d0d
31370d0d0d0d3331
31350d0d0d0d3331
35330d0d0d0d3331
370d0d0d0d0d3331
370d0d0d0d0d3331
370d0d0d0d0d3331
370d0d0d0d0d3331
350d0d0d0d0d3331
330d0d0d0d0d0d0d
350d0d0d0d0d0d0d
350d0d0d0d0d0d0d
35310d0d0d0d0d0d
3533313131313131
3135333333333333
3131313131313131
3131313131313131
0d0d0d0d0d0d3331
0d0d0d0d0d0d3331
0d0d0d0d0d0d3331
0d0d0d0d0d0d3331
0d0d0d0d0d0d3331
0d0d0d0d0d0d3331
0d0d0d0d0d0d3331
0d0d0d0d0d0d3331
0d0d373131313131
0d0d373131313131
0d0d353331313131
0d0d0d3531313131
0d0d0d3731313131
0d0d0d3731313131
0d0d0d3731313131
0d0d0d3533313133
3131313131330d0d
3131313131330d0d
3131313131330d0d
3131313131330d0d
3131313131330d0d
3131313131330d0d
3131313131330d0d
3131313131330d0d
0d0d0d3335313137
0d0d0d0d37313135
0d0d0d0d37313137
0d0d0d0d37313137
0d0d0d0d37313135
0d0d0d0d35333533
0d0d0d0d3335370d
0d0d0d0d0d37350d
3131313131330d0d
3131313131330d0d
3131313131330d0d
3131313131330d0d
3131313131330d0d
3131313131330d0d
3131313131330d0d
3131313131330d0d
3131313131313131
3131313131313131
3131313131313131
3131313131313131
3131313131313131
3131313131313131
3131313131313131
3131313131313131
3131313131313131
3131313131313131
3131313131313131
3131313131313131
3131313131313131
3131313131313131
3131313131313131
3131313131313131
3131313131313131
3131313131313131
3131313131313131
3131313131313131
3131313131313131
3131313131313131
3131313131313131
3131313131313131
3131313131313131
3131313131313131
3131313131313131
3131313131313131
3131313131313131
3131313131313131
3131313131313131
3131313131313131
3131313131313131
3131313131313131
3131313131313131
3131313131313131
3131313131313131
3131313131313131
3131313131313131
3131313131313131
3131313131313131
3131313131313131
3131313131313131
3131313131313131
3131313131313131
3131313131313131
3131313131313131
3131313131313131
3131313131313131
3131313131313131
3131313131313131
3131313131313131
3131313131313131
3131313131313131
3131313131313131
3131313131313131
3131313131313131
3131313131313131
3131313131313131
3131313131313131
3131313131313131
3131313131313131
3131313131313131
3131313131313131
3131313131313131
3131313131313131
3131313131313131
3131313131313131
3131313131313131
3131313131313131
3131313131313131
3131313131313131
3131313131313131
3131313131313131
3131313131313131
3131313131313131
3131313131313131
3131313131313131
3131313131313131
3131313131313131
3131313131313131
3131313131313131
3131313131313131
3131313131313131
3131313131313131
3131313131313131
3131313131313131
3131313131313131
3131313131313131
3131313131313131
3131313131313131
3131313131313131
3131313131313131
3131313131313131
3131313131313131
3131313131313131
1f1f1f1f1f1f1f1f
1f1f1f1f1f1f1f1f
1f1f1f1f1f1f1f1f
1f1f1f1f1f1f1f1f
1f1f1f1f1f1f1f1f
1f1f1f1f1f1f1f1f
1f1f1f1f1f1f1f1f
1f1f1f1f1f1f1f1f
1f1f1f1f1f1f1f1f
1f1f1f1f1f1f1f1f
1f1f1f1f1f1f1f1f
1f1f1f1f1f1f1f1f
1f1f1f1f1f1f1f1f
1f1f1f1f1f1f1f1f
1f1f1f1f1f1f1f1f
1f1f1f1f1f1f1f1f
1f1f1f1f1f1f1f1f
1f1f1f1f1f1f1f1f
1f1f1f1f1f1f1f1f
1f1f1f1f1f1f1f1f
1f1f1f1f1f1f1f1f
1f1f1f1f1f1f1f1f
1f1f1f1f1f1f1f1f
1f1f1f1f1f1f1f1f
1f1f1f1f1f1f1f1f
1f1f1f1f1f1f1f1f
1f1f1f1f1f1f1f1f
1f1f1f1f1f1f1f1f
1f1f1f1f1f1f1f1f
1f1f1f1f1f1f1f1f
1f1f1f1f1f1f1f1f
1f1f1f1f1f1f1f1f
3131313131313131
3131313131313131
3131313131313131
3131313131313131
3131313131313131
3131313131313131
3131313131313131
3131313131313131
3131313131313131
3131313131313131
3131313131313131
3131313131313131
3131313131313131
3131313131313131
3131313131313131
3131313131313131
3131313131313131
3131313131313131
3131313131313131
3131313131313131
3131313131313131
3131313131313131
3131313131313131
3131313131313131
3131313131313131
3131313131313131
3131313131313131
3131313131313131
3131313131313131
3131313131313131
3131313131313131
3131313131313131
3131313131313131
3131313131313131
3131313131313131
3131313131313131
3131313131313131
3131313131313131
3131313131313131
3131313131313131
3131313131313131
3131313131313131
3131313131313131
3131313131313131
3131313131313131
3131313131313131
3131313131313131
3131313131313131
3131313131313131
3131313131313131
3131313131313131
3131313131313131
3131313131313131
3131313131313131
3131313131313131
3131313131313131
3131313131313131
3131313131313131
3131313131313131
3131313131313131
3131313131313131
3131313131313131
3131313131313131
3131313131313131
3131313131313131
3131313131313131
3131313131313131
3131313131313131
3131313131313131
3131313131313131
3131313131313131
3131313131313131
3131313131313131
3131313131313131
3131313131313131
3131313131313131
3131313131313131
3131313131313131
3131313131313131
3131313131313131
3131313131313131
3131313131313131
3131313131313131
3131313131313131
3131313131313131
3131313131313131
3131313131313131
3131313131313131
3131313131313131
3131313131313131
3131313131313131
3131313131313131
3131313131313131
3131313131313131
3131313131313131
3131313131313131
0d33313131313131
0d33313131313131
0d33313131313131
0d35313131313131
0d37313131313131
3135313131313131
3533313131313131
3131313131313131
0d0d0d0d0d0d0d0d
0d0d0d0d0d0d0d0d
0d0d0d0d0d0d0d0d
0d0d0d0d0d0d0d0d
0d0d0d0d0d0d0d0d
3131313131313131
3333333333333333
3131313131313131
3131313131313131
3131313131313131
3131313131313131
3131313131313131
3131313131313131
3131313131313131
3131313131313131
3131313131313131
3131313131313131
3131313131313131
3131313131313131
3131313131313131
3131313131313131
3131313131313131
3131313131313131
3131313131313131
330d0d0d0d0d0d0d
330d0d0d0d0d0d0d
330d0d0d0d0d0d0d
350d0d0d0d0d0d0d
370d0d0d0d0d0d0d
3533313131313131
3335333333333333
3131313131313131
33333131310d3331
05333131310d3331
05333131310d3331
31313131310d3331
330d3131310d3331
3131313131313331
3131313131333331
0d0d0d0d0d313331
3131313131313131
3131313131313131
3131313131313131
3131313131313131
3131313131313131
3131313131313131
3131313131313131
3131313131313131
0d0d0d0d0d0d3331
0d0d0d0d0d0d3531
0d0d33310d0d3331
0d3737370d0d3331
0d3531350d0d3331
33353135330d3331
35333331350d3331
37333735370d3331
31330d0d0d0d3333
0533330d0d0d3305
3131310d0d0d3305
0d0d0d0d0d0d3133
0d0d0d0d0d0d0d33
3131313131313131
3131313131313131
0d0d0d0d0d0d0d0d
330d0d3331330d31
330d0d3331333133
330d0d3331333331
330d0d3331330d0d
330d0d3331330d0d
3131313331333131
3131333331353131
0d0d333331350d0d
0d0d0d0d0d0d0d0d
0d0d0d0d0d0d0d0d
330d0d0d0d0d0d0d
35310d0d0d0d0d0d
35350d0d0d0d0d0d
37350d0d0d0d0d0d
35370d0d0d0d0d0d
35370d0d0d0d0d0d
0d0d313331350d0d
0d0d0d3531330d0d
0d0d0d3331330d0d
330d0d3331330d0d
330d0d3331330d0d
330d0d3331330d0d
31310d3331330d0d
31310d3331330d35
0d0d0d3735373733
0d0d0d3731313733
0d0d0d3731313733
0d0d0d3533373333
0d0d0d0d35370d33
3131313131313131
3131313131313131
0d0d0d0d0d0d0d0d
3131310d0d370d0d
3131310d0d350d0d
3131310d0d370d0d
3131330d0d330d0d
3131310d0d0d0d0d
3131333131313131
3131353131313131
3131350d0d0d0d0d
0d0d0d0d0d0d0d0d
0d0d0d0d0d0d0d0d
0d0d0d0d0d0d3131
0d0d0d0d0d0d3333
0d0d0d0d0d313305
0d0d0d0d0d333105
0d0d0d0d0d330531
0d0d0d0d0d333133
3131330d0d0d0d0d
3131330d0d0d0d0d
3131310d0d310d0d
3131310d0d330d0d
3131310d0d330d0d
3131310d0d350d0d
3131310d0d33310d
3131310d3131310d
3131313131313131
3131313131313131
3131313131313131
3131313131313131
3131313131313131
3131313131313131
3131313131313131
3131313131313131
3131313131313131
3131313131313131
3131313131313131
3131313131313131
3131313131313131
3131313131313131
3131313131313131
3131313131313131
3131313131313131
3131313131313131
3131313131313131
3131313131313131
3131313131313131
3131313131313131
3131313131313131
3131313131313131
3131313131313131
3131313131313131
3131313131313131
3131313131313131
3131313131313131
3131313131313131
3131313131313131
3131313131313131
3131313131313131
3131313131313131
3131313131313131
3131313131313131
3131313131313131
3131313131313131
3131313131313131
3131313131313131
3131313131313131
3131313131313131
3131313131313131
3131313131313131
3131313131313131
3131313131313131
3131313131313131
3131313131313131
3131313131313131
3131313131313131
3131313131313131
3131313131313131
3131313131313131
3131313131313131
3131313131313131
3131313131313131
3131313131313131
3131313131313131
3131313131313131
3131313131313131
3131313131313131
3131313131313131
3131313131313131
3131313131313131
3131313131313131
3131313131313131
3131313131313131
3131313131313131
3131313131313131
3131313131313131
3131313131313131
3131313131313131
3131313131313131
3131313131313131
3131313131313131
3131313131313131
3131313131313131
3131313131313131
3131313131313131
3131313131313131
3131313131313131
3131313131313131
3131313131313131
3131313131313131
3131313131313131
3131313131313131
3131313131313131
3131313131313131
3131313131313131
3131313131313131
3131313131313131
3131313131313131
3131313131313131
3131313131313131
3131313131313131
3131313131313131
3131313131313131
3131313131313131
3131313131313131
3131313131313131
3131313131313131
3131313131313131
3131313131313131
3131313131313131
0d0d0d0d0d0d3331
0d0d0d0d0d0d3331
0d0d0d0d0d0d3331
0d0d0d0d0d0d3331
0d0d0d0d0d0d3331
0d0d0d0d0d0d3531
0d0d0d0d0d0d3331
0d0d0d0d0d0d3331
3131313131313131
3131313131313131
3131313131313131
3131313131313131
3131313131313131
3131313131313131
3131313131313131
3131313131313131
0d0d0d0d0d0d3331
0d0d0d0d0d0d3331
0d0d0d0d0d0d3331
0d0d0d0d0d0d3331
0d0d0d0d0d0d3331
0d0d0d0d0d0d3331
0d0d0d0d0d0d3331
0d0d0d0d0d0d3331
0d0d0d0d0d37370d
0d0d0d0d0d35350d
0d0d0d0d0d37370d
0d0d0d0d0d35370d
0d0d0d0d0d37350d
0d0d0d0d0d35350d
0d0d0d0d0d35330d
0d0d0d0d0d0d0d0d
3131313131330d0d
3131313131330d0d
3131313131330d0d
3131313131330d0d
3131313131330d0d
3131313131350d0d
3131313131330d0d
3131313131330d0d
0d0d0d0d0d0d0d0d
0d0d0d0d0d0d0d0d
0d0d0d0d0d0d0d0d
0d0d0d0d0d0d0d0d
0d0d0d0d0d0d0d0d
0d0d0d0d0d0d0d0d
0d0d0d0d0d0d0d0d
0d0d0d0d0d0d0d0d
3131313131330d0d
3131313131330d0d
3131313131330d0d
3131313131330d0d
3131313131330d0d
3131313131330d0d
3131313131330d0d
3131313131330d0d
3131313131313131
3131313131313131
3131313131313131
3131313131313131
3131313131313131
3131313131313131
3131313131313131
3131313131313131
3131313131313131
3131313131313131
3131313131313131
3131313131313131
3131313131313131
3131313131313131
3131313131313131
3131313131313131
3131313131313131
3131313131313131
3131313131313131
3131313131313131
3131313131313131
3131313131313131
3131313131313131
3131313131313131
3131313131313131
3131313131313131
3131313131313131
3131313131313131
3131313131313131
3131313131313131
3131313131313131
3131313131313131
3131313131313131
3131313131313131
3131313131313131
3131313131313131
3131313131313131
3131313131313131
3131313131313131
3131313131313131
3131313131313131
3131313131313131
3131313131313131
3131313131313131
3131313131313131
3131313131313131
3131313131313131
3131313131313131
3131313131313131
3131313131313131
3131313131313131
3131313131313131
3131313131313131
3131313131313131
3131313131313131
3131313131313131
3131313131313131
3131313131313131
3131313131313131
3131313131313131
3131313131313131
3131313131313131
3131313131313131
3131313131313131
3131313131313131
3131313131313131
3131313131313131
3131313131313131
3131313131313131
3131313131313131
3131313131313131
3131313131313131
3131313131313131
3131313131313131
3131313131313131
3131313131313131
3131313131313131
3131313131313131
3131313131313131
3131313131313131
3131313131313131
3131313131313131
3131313131313131
3131313131313131
3131313131313131
3131313131313131
3131313131313131
3131313131313131
3131313131313131
3131313131313131
3131313131313131
3131313131313131
3131313131313131
3131313131313131
3131313131313131
3131313131313131
1f1f1f1f1f1f1f1f
1f1f1f1f1f1f1f1f
1f1f1f1f1f1f1f1f
1f1f1f1f1f1f1f1f
1f1f1f1f1f1f1f1f
1f1f1f1f1f1f1f1f
1f1f1f1f1f1f1f1f
1f1f1f1f1f1f1f1f
1f1f1f1f1f1f1f1f
1f1f1f1f1f1f1f1f
1f1f1f1f1f1f1f1f
1f1f1f1f1f1f1f1f
1f1f1f1f1f1f1f1f
1f1f1f1f1f1f1f1f
1f1f1f1f1f1f1f1f
1f1f1f1f1f1f1f1f
1f1f1f1f1f1f1f1f
1f1f1f1f1f1f1f1f
1f1f1f1f1f1f1f1f
1f1f1f1f1f1f1f1f
1f1f1f1f1f1f1f1f
1f1f1f1f1f1f1f1f
1f1f1f1f1f1f1f1f
1f1f1f1f1f1f1f1f
1f1f1f1f1f1f1f1f
1f1f1f1f1f1f1f1f
1f1f1f1f1f1f1f1f
1f1f1f1f1f1f1f1f
1f1f1f1f1f1f1f1f
1f1f1f1f1f1f1f1f
1f1f1f1f1f1f1f1f
1f1f1f1f1f1f1f1f
3131313131313131
3131313131313131
3131313131313131
3131313131313131
3131313131313131
3131313131313131
3131313131313131
3131313131313131
3131313131313131
3131313131313131
3131313131313131
3131313131313131
3131313131313131
3131313131313131
3131313131313131
3131313131313131
3131313131313131
3131313131313131
3131313131313131
3131313131313131
3131313131313131
3131313131313131
3131313131313131
3131313131313131
3131313131313131
3131313131313131
3131313131313131
3131313131313131
3131313131313131
3131313131313131
3131313131313131
3131313131313131
3131313131313131
3131313131313131
3131313131313131
3131313131313131
3131313131313131
3131313131313131
3131313131313131
3131313131313131
3131313131313131
3131313131313131
3131313131313131
3131313131313131
3131313131313131
3131313131313131
3131313131313131
3131313131313131
3131313131313131
3131313131313131
3131313131313131
3131313131313131
3131313131313131
3131313131313131
3131313131313131
3131313131313131
3131313131313131
3131313131313131
3131313131313131
3131313131313131
3131313131313131
3131313131313131
3131313131313131
3131313131313131
3131313131313131
3131313131313131
3131313131313131
3131313131313131
3131313131313131
3131313131313131
3131313131313131
3131313131313131
3131313131313131
3131313131313131
3131313131313131
3131313131313131
3131313131313131
3131313131313131
3131313131313131
3131313131313131
3131313131313131
3131313131313131
3131313131313131
3131313131313131
3131313131313131
3131313131313131
3131313131313131
3131313131313131
3131313131313131
3131313131313131
3131313131313131
3131313131313131
3131313131313131
3131313131313131
3131313131313131
3131313131313131
3131313131313131
3131313131313131
3131313131313131
3131313131313131
3131313131313131
3131313131313131
3131313131313131
3131313131313131
3131313131313131
3131313131313131
3131313131313131
3131313131313131
3131313131313131
3131313131313131
3131313131313131
3131313131313131
3131313131313131
3131313131313131
3131313131313131
3131313131313131
3131313131313131
3131313131313131
3131313131313131
3131313131313131
3131313131313131
3131313131313131
3131313131313131
3131313131313131
3131313131313131
3131313131313131
3131313131313131
3131313131313131
3131313131313131
3131313131313131
3131313131313131
3131313131313131
3131313131313131
3131313131313131
3131313131313131
3131313131313131
35353337350d3331
37370d37350d3331
37350d35350d3331
35330d33350d3331
33330d35370d3331
33370d37350d3331
33370d37350d3331
33333535370d3331
3131313131313131
3131313131313131
3131313131313131
3131313131313131
3131313131313131
3131313131313131
3131313131313131
3131313131313131
33313731350d3331
33353135330d3331
333733350d0d3331
353535370d0d3331
35350d0d0d0d3331
37370d35310d3331
35370d35350d3331
37353535350d3331
31370d0d0d0d0d0d
3135330d0d0d0d0d
3133350d0d0d0d0d
3131370d0d0d0d0d
3131370d0d0d0d0d
3131370d0d0d0d0d
313135330d0d0d0d
313137330d0d0d0d
31330d3331330d37
31330d3331330d37
31330d3331330d37
31310d3331330d37
31330d3331333335
31330d3331333731
31330d3331333731
31310d3331333731
3131370d0d0d0d0d
3131370d0d0d0d0d
3131370d0d0d0d0d
3133350d0d0d0d0d
3135310d0d0d0d0d
31370d0d0d0d0d0d
35370d0d0d0d0d0d
35370d0d0d0d0d0d
31310d3331333731
330d0d3331333335
330d0d3331330d37
310d0d3331330d37
0d0d0d3331330d37
310d0d3331330d37
33330d3331330d35
31310d3331330d0d
0d0d0d0d0d333331
0d0d0d0d0d31330d
0d0d0d0d0d33330d
0d0d0d0d0d33310d
0d0d0d0d0d31330d
0d0d0d0d0d31330d
0d0d0d0d0d313131
0d0d0d0d0d313333
3131310d3305330d
3131310d3305330d
3131310d33053331
3131313131053133
3131313305050533
3131313305050533
3131313305050533
3131313305050531
0d0d0d0d0d310533
0d0d0d0d0d313105
0d0d0d0d0d333331
0d0d0d0d0d333333
0d0d0d0d0d33330d
0d0d0d0d0d33330d
0d0d0d0d0d313131
0d0d0d0d0d333333
3131313105050531
3131313305310531
3131313305330531
3131313305353133
3131313333333333
3131313133333331
3131310d0d350d0d
3131310d3133310d
3131313131313131
3131313131313131
3131313131313131
3131313131313131
3131313131313131
3131313131313131
3131313131313131
3131313131313131
3131313131313131
3131313131313131
3131313131313131
3131313131313131
3131313131313131
3131313131313131
3131313131313131
3131313131313131
3131313131313131
3131313131313131
3131313131313131
3131313131313131
3131313131313131
3131313131313131
3131313131313131
3131313131313131
3131313131313131
3131313131313131
3131313131313131
3131313131313131
3131313131313131
3131313131313131
3131313131313131
3131313131313131
3131313131313131
3131313131313131
3131313131313131
3131313131313131
3131313131313131
3131313131313131
3131313131313131
3131313131313131
3131313131313131
3131313131313131
3131313131313131
3131313131313131
3131313131313131
3131313131313131
3131313131313131
3131313131313131
3131313131313131
3131313131313131
3131313131313131
3131313131313131
3131313131313131
3131313131313131
3131313131313131
3131313131313131
3131313131313131
3131313131313131
3131313131313131
3131313131313131
3131313131313131
3131313131313131
3131313131313131
3131313131313131
3131313131313131
3131313131313131
3131313131313131
3131313131313131
3131313131313131
3131313131313131
3131313131313131
3131313131313131
3131313131313131
3131313131313131
3131313131313131
3131313131313131
3131313131313131
3131313131313131
3131313131313131
3131313131313131
3131313131313131
3131313131313131
3131313131313131
3131313131313131
3131313131313131
3131313131313131
3131313131313131
3131313131313131
3131313131313131
3131313131313131
3131313131313131
3131313131313131
3131313131313131
3131313131313131
3131313131313131
3131313131313131
3131313131313131
3131313131313131
3131313131313131
3131313131313131
3131313131313131
3131313131313131
3131313131313131
3131313131313131
0d0d0d0d0d0d3531
0d0d0d0d0d0d3531
0d0d0d0d0d313531
3131313131333531
3333333333353131
3131313131313131
3131313131313131
3131313131313131
3131313131313131
3131313131313131
3131313131313131
3131313131313131
3131313131313131
3131313131313131
3131313131313131
3131313131313131
3131313131313131
3131313131313131
3131313131313131
3131313131313131
3131313131313131
3131313131313131
3131313131313131
3131313131313131
0d0d0d0d0d0d0d0d
0d0d0d0d0d0d0d0d
0d0d0d0d0d0d0d0d
3131313131313131
3333333333333333
3131313131313131
3131313131313131
3131313131313131
3131313131350d0d
3131313131350d0d
3131313131350d0d
3131313131373131
3131313131333333
3131313131313131
3131313131313131
3131313131313131
3131313131313131
3131313131313131
3131313131313131
3131313131313131
3131313131313131
3131313131313131
3131313131313131
3131313131313131
3131313131313131
3131313131313131
3131313131313131
3131313131313131
3131313131313131
3131313131313131
3131313131313131
3131313131313131
3131313131313131
3131313131313131
3131313131313131
3131313131313131
3131313131313131
3131313131313131
3131313131313131
3131313131313131
3131313131313131
3131313131313131
3131313131313131
3131313131313131
3131313131313131
3131313131313131
3131313131313131
3131313131313131
3131313131313131
3131313131313131
3131313131313131
3131313131313131
3131313131313131
3131313131313131
3131313131313131
3131313131313131
3131313131313131
3131313131313131
3131313131313131
3131313131313131
3131313131313131
3131313131313131
3131313131313131
3131313131313131
3131313131313131
3131313131313131
3131313131313131
3131313131313131
3131313131313131
3131313131313131
3131313131313131
3131313131313131
3131313131313131
3131313131313131
3131313131313131
3131313131313131
3131313131313131
3131313131313131
3131313131313131
3131313131313131
3131313131313131
3131313131313131
3131313131313131
3131313131313131
3131313131313131
3131313131313131
3131313131313131
3131313131313131
3131313131313131
3131313131313131
3131313131313131
3131313131313131
3131313131313131
3131313131313131
3131313131313131
3131313131313131
3131313131313131
3131313131313131
3131313131313131
3131313131313131
3131313131313131
3131313131313131
3131313131313131
3131313131313131
3131313131313131
3131313131313131
3131313131313131
3131313131313131
3131313131313131
3131313131313131
3131313131313131
3131313131313131
3131313131313131
3131313131313131
3131313131313131
3131313131313131
3131313131313131
3131313131313131
3131313131313131
3131313131313131
3131313131313131
3131313131313131
3131313131313131
3131313131313131
3131313131313131
3131313131313131
3131313131313131
3131313131313131
1f1f1f1f1f1f1f1f
1f1f1f1f1f1f1f1f
1f1f1f1f1f1f1f1f
1f1f1f1f1f1f1f1f
1f1f1f1f1f1f1f1f
1f1f1f1f1f1f1f1f
1f1f1f1f1f1f1f1f
1f1f1f1f1f1f1f1f
1f1f1f1f1f1f1f1f
1f1f1f1f1f1f1f1f
1f1f1f1f1f1f1f1f
1f1f1f1f1f1f1f1f
1f1f1f1f1f1f1f1f
1f1f1f1f1f1f1f1f
1f1f1f1f1f1f1f1f
1f1f1f1f1f1f1f1f
1f1f1f1f1f1f1f1f
1f1f1f1f1f1f1f1f
1f1f1f1f1f1f1f1f
1f1f1f1f1f1f1f1f
1f1f1f1f1f1f1f1f
1f1f1f1f1f1f1f1f
1f1f1f1f1f1f1f1f
1f1f1f1f1f1f1f1f
1f1f1f1f1f1f1f1f
1f1f1f1f1f1f1f1f
1f1f1f1f1f1f1f1f
1f1f1f1f1f1f1f1f
1f1f1f1f1f1f1f1f
1f1f1f1f1f1f1f1f
1f1f1f1f1f1f1f1f
1f1f1f1f1f1f1f1f
3131313131313131
3131313131313131
3131313131313131
3131313131313131
3131313131313131
3131313131313131
3131313131313131
3131313131313131
3131313131313131
3131313131313131
3131313131313131
3131313131313131
3131313131313131
3131313131313131
3131313131313131
3131313131313131
3131313131313131
3131313131313131
3131313131313131
3131313131313131
3131313131313131
3131313131313131
3131313131313131
3131313131313131
3131313131313131
3131313131313131
3131313131313131
3131313131313131
3131313131313131
3131313131313131
3131313131313131
3131313131313131
3131313131313131
3131313131313131
3131313131313131
3131313131313131
3131313131313131
3131313131313131
3131313131313131
3131313131313131
3131313131313131
3131313131313131
3131313131313131
3131313131313131
3131313131313131
3131313131313131
3131313131313131
3131313131313131
3131313131313131
3131313131313131
3131313131313131
3131313131313131
3131313131313131
3131313131313131
3131313131313131
3131313131313131
3131313131313131
3131313131313131
3131313131313131
3131313131313131
3131313131313131
3131313131313131
3131313131313131
3131313131313131
3131313131313131
3131313131313131
3131313131313131
3131313131313131
3131313131313131
3131313131313131
3131313131313131
3131313131313131
3131313131313131
3131313131313131
3131313131313131
3131313131313131
3131313131313131
3131313131313131
3131313131313131
3131313131313131
3131313131313131
3131313131313131
3131313131313131
3131313131313131
3131313131313131
3131313131313131
3131313131313131
3131313131313131
3131313131313131
3131313131313131
3131313131313131
3131313131313131
3131313131313131
3131313131313131
3131313131313131
3131313131313131
3131313131313131
3131313131313131
3131313131313131
3131313131313131
3131313131313131
3131313131313131
3131313131313131
3131313131313131
3131313131313131
3131313131313131
3131313131313131
3131313131313131
3131313131313131
3131313131313131
3131313131313131
3131313131313131
3131313131313131
3131313131313131
3131313131313131
3131313131313131
3131313131313131
3131313131313131
3131313131313131
3131313131313131
3131313131313131
3131313131313131
3131313131313131
3131313131313131
3131313131313131
3131313131313131
3131313131313131
3131313131313131
3131313131313131
3131313131313131
3131313131313131
3131313131313131
3131313131313131
3131313131313131
3131313131313131
3131313131313131
37313733370d3331
33353131350d3331
0d373135330d3331
0d3533350d0d3331
0d3335350d0d3331
0d0d0d0d0d0d3331
0d0d0d0d0d0d3331
0d0d0d0d0d0d3331
3131313131313131
3131313131313131
3131313131313131
3131313131313131
3131313131313131
3131313131313131
3131313131313131
3131313131313131
0d0d0d0d0d0d3331
0d0d0d0d0d0d3331
0d0d0d0d0d0d3331
0d0d0d0d0d0d3331
0d0d0d0d0d0d3331
0d0d0d0d0d0d3331
0d0d0d0d0d0d3331
0d0d0d0d0d0d3331
37350d0d0d0d0d0d
35350d0d0d0d0d0d
350d0d0d0d0d0d0d
330d0d0d0d0d0d0d
0d0d0d0d0d0d0d0d
0d0d0d0d0d0d0d0d
0d0d0d0d0d0d0d0d
0d0d0d0d0d0d0d0d
31310d3331330d0d
31310d3331330d0d
330d0d3331330d0d
330d0d3331330d0d
310d0d3331330d0d
3131313331330d0d
3131333331330d0d
0d0d333331330d0d
0d0d0d0d0d0d0d0d
0d0d0d0d0d0d0d0d
0d0d0d0d0d0d0d0d
0d0d0d0d0d310d0d
0d0d0d0d0d35330d
0d0d0d0d0d37350d
0d0d0d0d0d37370d
0d0d0d0d0d37370d
0d0d313331330d0d
0d0d0d3531330d0d
0d0d0d3331330d0d
350d0d3331330d0d
370d0d3331330d0d
370d0d3331330d0d
35330d3331330d0d
33350d3331330d0d
0d0d0d0d0d333133
0d0d0d0d0d330505
0d0d0d0d0d313105
0d0d0d0d0d0d3331
0d0d0d0d0d0d3133
3131313131313131
3131313131313131
0d0d0d0d0d0d0d0d
3131310d3331330d
3131313133053331
3131313331313133
3131330d0d0d0d0d
3131310d0d0d0d0d
3131333131313131
3131353131313131
3131350d0d0d0d0d
0d0d0d0d0d0d0d0d
0d0d0d0d0d0d0d0d
0d0d0d0d0d0d3333
0d0d0d0d0d0d3537
0d0d0d0d0d353331
0d0d0d0d0d373131
0d0d0d0d0d373333
0d0d0d0d0d353735
3131330d0d0d0d0d
3131330d0d0d0d0d
3131310d0d330d0d
3131310d0d350d0d
3131310d0d370d0d
3131310d0d37330d
3131310d3533350d
3131310d3731370d
3131313131313131
3131313131313131
3131313131313131
3131313131313131
3131313131313131
3131313131313131
3131313131313131
3131313131313131
3131313131313131
3131313131313131
3131313131313131
3131313131313131
3131313131313131
3131313131313131
3131313131313131
3131313131313131
3131313131313131
3131313131313131
3131313131313131
3131313131313131
3131313131313131
3131313131313131
3131313131313131
3131313131313131
3131313131313131
3131313131313131
3131313131313131
3131313131313131
3131313131313131
3131313131313131
3131313131313131
3131313131313131
3131313131313131
3131313131313131
3131313131313131
3131313131313131
3131313131313131
3131313131313131
3131313131313131
3131313131313131
3131313131313131
3131313131313131
3131313131313131
3131313131313131
3131313131313131
3131313131313131
3131313131313131
3131313131313131
3131313131313131
3131313131313131
3131313131313131
3131313131313131
3131313131313131
3131313131313131
3131313131313131
3131313131313131
3131313131313131
3131313131313131
3131313131313131
3131313131313131
3131313131313131
3131313131313131
3131313131313131
3131313131313131
3131313131313131
3131313131313131
3131313131313131
3131313131313131
3131313131313131
3131313131313131
3131313131313131
3131313131313131
3131313131313131
3131313131313131
3131313131313131
3131313131313131
3131313131313131
3131313131313131
3131313131313131
3131313131313131
3131313131313131
3131313131313131
3131313131313131
3131313131313131
3131313131313131
3131313131313131
3131313131313131
3131313131313131
3131313131313131
3131313131313131
3131313131313131
3131313131313131
3131313131313131
3131313131313131
3131313131313131
3131313131313131
3131313131313131
3131313131313131
3131313131313131
3131313131313131
3131313131313131
3131313131313131
3131313131313131
3131313131313131
3131313131313131
3131313131313131
3131313131313131
3131313131313131
3131313131313131
3131313131313131
3131313131313131
3131313131313131
3131313131313131
3131313131313131
3131313131313131
3131313131313131
3131313131313131
3131313131313131
3131313131313131
3131313131313131
3131313131313131
3131313131313131
3131313131313131
3131313131313131
3131313131313131
3131313131313131
3131313131313131
3131313131313131
3131313131313131
3131313131313131
3131313131313131
3131313131313131
3131313131313131
3131313131313131
3131313131313131
3131313131313131
3131313131313131
3131313131313131
3131313131313131
3131313131313131
3131313131313131
3131313131313131
3131313131313131
3131313131313131
3131313131313131
3131313131313131
3131313131313131
3131313131313131
3131313131313131
3131313131313131
3131313131313131
3131313131313131
3131313131313131
3131313131313131
3131313131313131
3131313131313131
3131313131313131
3131313131313131
3131313131313131
3131313131313131
3131313131313131
3131313131313131
3131313131313131
3131313131313131
3131313131313131
3131313131313131
3131313131313131
3131313131313131
3131313131313131
3131313131313131
3131313131313131
3131313131313131
3131313131313131
3131313131313131
3131313131313131
3131313131313131
3131313131313131
3131313131313131
3131313131313131
3131313131313131
3131313131313131
3131313131313131
3131313131313131
3131313131313131
3131313131313131
3131313131313131
3131313131313131
3131313131313131
3131313131313131
3131313131313131
3131313131313131
3131313131313131
3131313131313131
3131313131313131
3131313131313131
3131313131313131
3131313131313131
3131313131313131
3131313131313131
3131313131313131
3131313131313131
3131313131313131
3131313131313131
3131313131313131
3131313131313131
3131313131313131
3131313131313131
3131313131313131
3131313131313131
3131313131313131
3131313131313131
3131313131313131
3131313131313131
3131313131313131
3131313131313131
3131313131313131
3131313131313131
3131313131313131
3131313131313131
3131313131313131
3131313131313131
3131313131313131
3131313131313131
3131313131313131
3131313131313131
3131313131313131
3131313131313131
3131313131313131
3131313131313131
3131313131313131
3131313131313131
3131313131313131
3131313131313131
3131313131313131
3131313131313131
3131313131313131
3131313131313131
3131313131313131
3131313131313131
3131313131313131
3131313131313131
3131313131313131
3131313131313131
3131313131313131
3131313131313131
3131313131313131
3131313131313131
3131313131313131
3131313131313131
3131313131313131
3131313131313131
3131313131313131
3131313131313131
3131313131313131
3131313131313131
3131313131313131
1f1f1f1f1f1f1f1f
1f1f1f1f1f1f1f1f
1f1f1f1f1f1f1f1f
1f1f1f1f1f1f1f1f
1f1f1f1f1f1f1f1f
1f1f1f1f1f1f1f1f
1f1f1f1f1f1f1f1f
1f1f1f1f1f1f1f1f
1f1f1f1f1f1f1f1f
1f1f1f1f1f1f1f1f
1f1f1f1f1f1f1f1f
1f1f1f1f1f1f1f1f
1f1f1f1f1f1f1f1f
1f1f1f1f1f1f1f1f
1f1f1f1f1f1f1f1f
1f1f1f1f1f1f1f1f
1f1f1f1f1f1f1f1f
1f1f1f1f1f1f1f1f
1f1f1f1f1f1f1f1f
1f1f1f1f1f1f1f1f
1f1f1f1f1f1f1f1f
1f1f1f1f1f1f1f1f
1f1f1f1f1f1f1f1f
1f1f1f1f1f1f1f1f
1f1f1f1f1f1f1f1f
1f1f1f1f1f1f1f1f
1f1f1f1f1f1f1f1f
1f1f1f1f1f1f1f1f
1f1f1f1f1f1f1f1f
1f1f1f1f1f1f1f1f
1f1f1f1f1f1f1f1f
1f1f1f1f1f1f1f1f
3131313131313131
3131313131313131
3131313131313131
3131313131313131
3131313131313131
3131313131313131
3131313131313131
3131313131313131
3131313131313131
3131313131313131
3131313131313131
3131313131313131
3131313131313131
3131313131313131
3131313131313131
3131313131313131
3131313131313131
3131313131313131
3131313131313131
3131313131313131
3131313131313131
3131313131313131
3131313131313131
3131313131313131
3131313131313131
3131313131313131
3131313131313131
3131313131313131
3131313131313131
3131313131313131
3131313131313131
3131313131313131
3131313131313131
3131313131313131
3131313131313131
3131313131313131
3131313131313131
3131313131313131
3131313131313131
3131313131313131
3131313131313131
3131313131313131
3131313131313131
3131313131313131
3131313131313131
3131313131313131
3131313131313131
3131313131313131
3131313131313131
3131313131313131
3131313131313131
3131313131313131
3131313131313131
3131313131313131
3131313131313131
3131313131313131
3131313131313131
3131313131313131
3131313131313131
3131313131313131
3131313131313131
3131313131313131
3131313131313131
3131313131313131
3131313131313131
3131313131313131
3131313131313131
3131313131313131
3131313131313131
3131313131313131
3131313131313131
3131313131313131
3131313131313131
3131313131313131
3131313131313131
3131313131313131
3131313131313131
3131313131313131
3131313131313131
3131313131313131
3131313131313131
3131313131313131
3131313131313131
3131313131313131
3131313131313131
3131313131313131
3131313131313131
3131313131313131
3131313131313131
3131313131313131
3131313131313131
3131313131313131
3131313131313131
3131313131313131
3131313131313131
3131313131313131
3131313131313131
3131313131313131
3131313131313131
3131313131313131
3131313131313131
3131313131313131
3131313131313131
3131313131313131
3131313131313131
3131313131313131
3131313131313131
3131313131313131
3131313131313131
3131313131313131
3131313131313131
3131313131313131
3131313131313131
3131313131313131
3131313131313131
3131313131313131
3131313131313131
3131313131313131
3131313131313131
3131313131313131
3131313131313131
3131313131313131
3131313131313131
3131313131313131
3131313131313131
3131313131313131
3131313131313131
3131313131313131
3131313131313131
3131313131313131
3131313131313131
3131313131313131
3131313131313131
3131313131313131
3131313131313131
3131313131313131
0d0d0d0d0d0d3331
0d0d0d0d0d0d3331
0d0d0d0d0d0d3331
0d0d0d0d0d0d3331
0d0d0d0d0d0d3331
0d0d0d0d0d0d3331
0d0d0d0d0d0d3331
0d0d0d0d0d0d3331
3131313131313131
3131313131313131
3131313131313131
3131313131313131
3131313131313131
3131313131313131
3131313131313131
3131313131313131
350d0d0d0d0d3331
370d0d0d0d0d3331
370d0d0d0d0d3331
370d0d0d0d0d3331
370d0d0d0d0d3331
35330d0d0d0d3331
31370d0d0d0d3331
31370d0d0d0d3331
0d0d0d0d0d37370d
0d0d0d0d3335370d
0d0d0d0d35333533
0d0d0d0d37313135
0d0d0d0d37313137
0d0d0d0d37313137
0d0d0d0d37313137
0d0d0d3335313137
31330d3331330d0d
33330d3331330d0d
33330d3331330d0d
35350d3331330d0d
350d0d3331330d0d
370d0d3331330d0d
370d0d3331330d0d
370d0d3331330d0d
0d0d0d3731313133
0d0d0d3731313131
0d0d0d3731313131
0d0d0d3731313131
0d0d333531313131
0d0d373131313131
0d0d373131313131
0d0d373131313131
35330d3331330d0d
33350d3331330d0d
33350d3331330d0d
33350d3331330d0d
33350d3331330d0d
33350d3331330d0d
35350d3331330d0d
31350d3331330d0d
0d0d0d0d0d333735
0d0d0d0d0d333533
0d0d0d0d0d353735
0d0d0d0d0d373737
0d0d0d0d0d373735
0d0d0d0d0d373131
0d0d0d0d0d333531
0d0d0d0d0d373331
3131310d3731370d
3131310d3731370d
3131310d37313533
3131313335313335
3131313731313137
3131313731313137
3131313531313137
3131313731313137
0d0d0d0d0d373535
0d0d0d0d0d353737
0d0d0d0d0d373535
0d0d0d0d0d353531
0d0d0d0d0d33350d
0d0d0d0d0d333531
0d0d0d0d0d353535
0d0d0d0d0d373737
3131313731313137
3131313731313137
3131313335313335
3131310d37313533
3131310d3731370d
3131310d3731370d
3131310d3731370d
3131310d3533350d
3131313131313131
3131313131313131
3131313131313131
3131313131313131
3131313131313131
3131313131313131
3131313131313131
3131313131313131
3131313131313131
3131313131313131
3131313131313131
3131313131313131
3131313131313131
3131313131313131
3131313131313131
3131313131313131
3131313131313131
3131313131313131
3131313131313131
3131313131313131
3131313131313131
3131313131313131
3131313131313131
3131313131313131
3131313131313131
3131313131313131
3131313131313131
3131313131313131
3131313131313131
3131313131313131
3131313131313131
3131313131313131
3131313131313131
3131313131313131
3131313131313131
3131313131313131
3131313131313131
3131313131313131
3131313131313131
3131313131313131
3131313131313131
3131313131313131
3131313131313131
3131313131313131
3131313131313131
3131313131313131
3131313131313131
3131313131313131
3131313131313131
3131313131313131
3131313131313131
3131313131313131
3131313131313131
3131313131313131
3131313131313131
3131313131313131
3131313131313131
3131313131313131
3131313131313131
3131313131313131
3131313131313131
3131313131313131
3131313131313131
3131313131313131
3131313131313131
3131313131313131
3131313131313131
3131313131313131
3131313131313131
3131313131313131
3131313131313131
3131313131313131
3131313131313131
3131313131313131
3131313131313131
3131313131313131
3131313131313131
3131313131313131
3131313131313131
3131313131313131
3131313131313131
3131313131313131
3131313131313131
3131313131313131
3131313131313131
3131313131313131
3131313131313131
3131313131313131
3131313131313131
3131313131313131
3131313131313131
3131313131313131
3131313131313131
3131313131313131
3131313131313131
3131313131313131
3131313131313131
3131313131313131
3131313131313131
3131313131313131
3131313131313131
3131313131313131
3131313131313131
3131313131313131
3131313131313131
3131313131313131
3131313131313131
3131313131313131
3131313131313131
3131313131313131
3131313131313131
3131313131313131
3131313131313131
3131313131313131
3131313131313131
3131313131313131
3131313131313131
3131313131313131
3131313131313131
3131313131313131
3131313131313131
3131313131313131
3131313131313131
3131313131313131
3131313131313131
3131313131313131
3131313131313131
3131313131313131
3131313131313131
3131313131313131
3131313131313131
3131313131313131
3131313131313131
3131313131313131
3131313131313131
3131313131313131
3131313131313131
3131313131313131
3131313131313131
3131313131313131
3131313131313131
3131313131313131
3131313131313131
3131313131313131
3131313131313131
3131313131313131
3131313131313131
3131313131313131
3131313131313131
3131313131313131
3131313131313131
3131313131313131
3131313131313131
3131313131313131
3131313131313131
3131313131313131
3131313131313131
3131313131313131
3131313131313131
3131313131313131
3131313131313131
3131313131313131
3131313131313131
3131313131313131
3131313131313131
3131313131313131
3131313131313131
3131313131313131
3131313131313131
3131313131313131
3131313131313131
3131313131313131
3131313131313131
3131313131313131
3131313131313131
3131313131313131
3131313131313131
3131313131313131
3131313131313131
3131313131313131
3131313131313131
3131313131313131
3131313131313131
3131313131313131
3131313131313131
3131313131313131
3131313131313131
3131313131313131
3131313131313131
3131313131313131
3131313131313131
3131313131313131
3131313131313131
3131313131313131
3131313131313131
3131313131313131
3131313131313131
3131313131313131
3131313131313131
3131313131313131
3131313131313131
3131313131313131
3131313131313131
3131313131313131
3131313131313131
3131313131313131
3131313131313131
3131313131313131
3131313131313131
3131313131313131
3131313131313131
3131313131313131
3131313131313131
3131313131313131
3131313131313131
3131313131313131
3131313131313131
3131313131313131
3131313131313131
3131313131313131
3131313131313131
3131313131313131
3131313131313131
3131313131313131
3131313131313131
3131313131313131
3131313131313131
3131313131313131
3131313131313131
3131313131313131
3131313131313131
3131313131313131
3131313131313131
3131313131313131
3131313131313131
3131313131313131
3131313131313131
3131313131313131
3131313131313131
3131313131313131
3131313131313131
3131313131313131
3131313131313131
3131313131313131
3131313131313131
3131313131313131
3131313131313131
3131313131313131
3131313131313131
3131313131313131
3131313131313131
3131313131313131
3131313131313131
3131313131313131
3131313131313131
3131313131313131
1f1f1f1f1f1f1f1f
1f1f1f1f1f1f1f1f
1f1f1f1f1f1f1f1f
1f1f1f1f1f1f1f1f
1f1f1f1f1f1f1f1f
1f1f1f1f1f1f1f1f
1f1f1f1f1f1f1f1f
1f1f1f1f1f1f1f1f
1f1f1f1f1f1f1f1f
1f1f1f1f1f1f1f1f
1f1f1f1f1f1f1f1f
1f1f1f1f1f1f1f1f
1f1f1f1f1f1f1f1f
1f1f1f1f1f1f1f1f
1f1f1f1f1f1f1f1f
1f1f1f1f1f1f1f1f
1f1f1f1f1f1f1f1f
1f1f1f1f1f1f1f1f
1f1f1f1f1f1f1f1f
1f1f1f1f1f1f1f1f
1f1f1f1f1f1f1f1f
1f1f1f1f1f1f1f1f
1f1f1f1f1f1f1f1f
1f1f1f1f1f1f1f1f
1f1f1f1f1f1f1f1f
1f1f1f1f1f1f1f1f
1f1f1f1f1f1f1f1f
1f1f1f1f1f1f1f1f
1f1f1f1f1f1f1f1f
1f1f1f1f1f1f1f1f
1f1f1f1f1f1f1f1f
1f1f1f1f1f1f1f1f
3131313131313131
3131313131313131
3131313131313131
3131313131313131
3131313131313131
3131313131313131
3131313131313131
3131313131313131
3131313131313131
3131313131313131
3131313131313131
3131313131313131
3131313131313131
3131313131313131
3131313131313131
3131313131313131
3131313131313131
3131313131313131
3131313131313131
3131313131313131
3131313131313131
3131313131313131
3131313131313131
3131313131313131
3131313131313131
3131313131313131
3131313131313131
3131313131313131
3131313131313131
3131313131313131
3131313131313131
3131313131313131
3131313131313131
3131313131313131
3131313131313131
3131313131313131
3131313131313131
3131313131313131
3131313131313131
3131313131313131
3131313131313131
3131313131313131
3131313131313131
3131313131313131
3131313131313131
3131313131313131
3131313131313131
3131313131313131
3131313131313131
3131313131313131
3131313131313131
3131313131313131
3131313131313131
3131313131313131
3131313131313131
3131313131313131
3131313131313131
3131313131313131
3131313131313131
3131313131313131
3131313131313131
3131313131313131
3131313131313131
3131313131313131
3131313131313131
3131313131313131
3131313131313131
3131313131313131
3131313131313131
3131313131313131
3131313131313131
3131313131313131
3131313131313131
3131313131313131
3131313131313131
3131313131313131
3131313131313131
3131313131313131
3131313131313131
3131313131313131
3131313131313131
3131313131313131
3131313131313131
3131313131313131
3131313131313131
3131313131313131
3131313131313131
3131313131313131
3131313131313131
3131313131313131
3131313131313131
3131313131313131
3131313131313131
3131313131313131
3131313131313131
3131313131313131
3131313131313131
3131313131313131
3131313131313131
3131313131313131
3131313131313131
3131313131313131
3131313131313131
3131313131313131
3131313131313131
3131313131313131
3131313131313131
3131313131313131
3131313131313131
3131313131313131
3131313131313131
3131313131313131
3131313131313131
3131313131313131
3131313131313131
3131313131313131
3131313131313131
3131313131313131
3131313131313131
3131313131313131
3131313131313131
3131313131313131
3131313131313131
3131313131313131
3131313131313131
3131313131313131
3131313131313131
3131313131313131
3131313131313131
3131313131313131
3131313131313131
3131313131313131
3131313131313131
3131313131313131
3131313131313131
3131313131313131
31370d0d0d0d3331
31370d0d0d0d3331
3135330d0d0d3331
31370d0d0d0d3331
31370d0d0d0d3331
31370d0d0d0d3331
31370d0d0d0d3331
33350d0d0d0d3331
3131313131313131
3131313131313131
3131313131313131
3131313131313131
3131313131313131
3131313131313131
3131313131313131
3131313131313131
370d0d0d0d0d3331
370d0d0d0d0d3331
370d0d0d0d0d3331
370d0d0d0d0d3331
350d0d0d0d0d3331
0d0d0d0d0d0d3331
0d0d0d0d0d0d3331
0d0d0d0d0d0d3331
0d0d373131313131
0d33353131313131
0d35313131313131
0d33353131313131
0d0d373131313131
0d0d373131313131
0d0d373131313131
0d0d373131313131
33350d3331330d0d
370d0d3331330d0d
370d0d3331330d0d
370d0d3331330d0d
330d0d3331330d0d
3131313331330d0d
3131333331330d0d
0d0d333331330d0d
0d0d333531313131
0d0d0d3731313131
0d0d0d3731313131
0d0d0d3731313131
0d0d0d3731313133
0d0d0d3335313137
0d0d0d0d37313137
0d0d0d0d37313137
0d0d313331330d0d
0d0d0d3531330d0d
0d0d0d3331330d0d
31310d3331330d0d
05310d3331330d0d
05310d3331330d0d
05310d3331330d0d
31310d3331330d0d
0d0d0d0d0d353737
0d0d0d0d0d373131
0d0d0d0d0d373131
0d0d0d0d0d333733
0d0d0d0d0d0d3737
3131313131313131
3131313131313131
0d0d0d0d0d0d0d0d
3131310d0d35330d
3131310d0d370d0d
3131310d0d350d0d
3131330d0d330d0d
3131310d0d0d0d0d
3131333131313131
3131353131313131
3131350d0d0d0d0d
0d0d0d0d0d0d0d0d
0d0d0d0d0d0d0d0d
0d0d0d0d0d0d0d0d
0d0d0d0d0d313131
0d0d0d0d0d310505
0d0d0d0d0d310505
0d0d0d0d0d310505
0d0d0d0d0d333131
3131330d0d0d0d0d
3131330d0d0d0d0d
3131310d0d0d0d0d
3131310d0d0d0d0d
3131310d3133310d
3131310d3305330d
3131310d3305330d
3131310d3105330d
3131313131313131
3131313131313131
3131313131313131
3131313131313131
3131313131313131
3131313131313131
3131313131313131
3131313131313131
3131313131313131
3131313131313131
3131313131313131
3131313131313131
3131313131313131
3131313131313131
3131313131313131
3131313131313131
3131313131313131
3131313131313131
3131313131313131
3131313131313131
3131313131313131
3131313131313131
3131313131313131
3131313131313131
3131313131313131
3131313131313131
3131313131313131
3131313131313131
3131313131313131
3131313131313131
3131313131313131
3131313131313131
3131313131313131
3131313131313131
3131313131313131
3131313131313131
3131313131313131
3131313131313131
3131313131313131
3131313131313131
3131313131313131
3131313131313131
3131313131313131
3131313131313131
3131313131313131
3131313131313131
3131313131313131
3131313131313131
3131313131313131
3131313131313131
3131313131313131
3131313131313131
3131313131313131
3131313131313131
3131313131313131
3131313131313131
3131313131313131
3131313131313131
3131313131313131
3131313131313131
3131313131313131
3131313131313131
3131313131313131
3131313131313131
3131313131313131
3131313131313131
3131313131313131
3131313131313131
3131313131313131
3131313131313131
3131313131313131
3131313131313131
3131313131313131
3131313131313131
3131313131313131
3131313131313131
3131313131313131
3131313131313131
3131313131313131
3131313131313131
3131313131313131
3131313131313131
3131313131313131
3131313131313131
3131313131313131
3131313131313131
3131313131313131
3131313131313131
3131313131313131
3131313131313131
3131313131313131
3131313131313131
3131313131313131
3131313131313131
3131313131313131
3131313131313131
3131313131313131
3131313131313131
3131313131313131
3131313131313131
3131313131313131
3131313131313131
3131313131313131
3131313131313131
3131313131313131
3131313131313131
3131313131313131
3131313131313131
3131313131313131
3131313131313131
3131313131313131
3131313131313131
3131313131313131
3131313131313131
3131313131313131
3131313131313131
3131313131313131
3131313131313131
3131313131313131
3131313131313131
3131313131313131
3131313131313131
3131313131313131
3131313131313131
3131313131313131
3131313131313131
3131313131313131
3131313131313131
3131313131313131
3131313131313131
3131313131313131
3131313131313131
3131313131313131
3131313131313131
3131313131313131
3131313131313131
3131313131313131
3131313131313131
3131313131313131
3131313131313131
3131313131313131
3131313131313131
3131313131313131
3131313131313131
3131313131313131
3131313131313131
3131313131313131
3131313131313131
3131313131313131
3131313131313131
3131313131313131
3131313131313131
3131313131313131
3131313131313131
3131313131313131
3131313131313131
3131313131313131
3131313131313131
3131313131313131
3131313131313131
3131313131313131
3131313131313131
3131313131313131
3131313131313131
3131313131313131
3131313131313131
3131313131313131
3131313131313131
3131313131313131
3131313131313131
3131313131313131
3131313131313131
3131313131313131
3131313131313131
3131313131313131
3131313131313131
3131313131313131
3131313131313131
3131313131313131
3131313131313131
3131313131313131
3131313131313131
3131313131313131
3131313131313131
3131313131313131
3131313131313131
3131313131313131
3131313131313131
3131313131313131
3131313131313131
3131313131313131
3131313131313131
3131313131313131
3131313131313131
3131313131313131
3131313131313131
3131313131313131
3131313131313131
3131313131313131
3131313131313131
3131313131313131
3131313131313131
3131313131313131
3131313131313131
3131313131313131
3131313131313131
3131313131313131
3131313131313131
3131313131313131
3131313131313131
3131313131313131
3131313131313131
3131313131313131
3131313131313131
3131313131313131
3131313131313131
3131313131313131
3131313131313131
3131313131313131
3131313131313131
3131313131313131
3131313131313131
3131313131313131
3131313131313131
3131313131313131
3131313131313131
3131313131313131
3131313131313131
3131313131313131
3131313131313131
3131313131313131
3131313131313131
3131313131313131
3131313131313131
3131313131313131
3131313131313131
3131313131313131
3131313131313131
3131313131313131
3131313131313131
3131313131313131
3131313131313131
3131313131313131
3131313131313131
3131313131313131
3131313131313131
3131313131313131
3131313131313131
3131313131313131
3131313131313131
3131313131313131
3131313131313131
3131313131313131
3131313131313131
3131313131313131
3131313131313131
1f1f1f1f1f1f1f1f
1f1f1f1f1f1f1f1f
1f1f1f1f1f1f1f1f
1f1f1f1f1f1f1f1f
1f1f1f1f1f1f1f1f
1f1f1f1f1f1f1f1f
1f1f1f1f1f1f1f1f
1f1f1f1f1f1f1f1f
1f1f1f1f1f1f1f1f
1f1f1f1f1f1f1f1f
1f1f1f1f1f1f1f1f
1f1f1f1f1f1f1f1f
1f1f1f1f1f1f1f1f
1f1f1f1f1f1f1f1f
1f1f1f1f1f1f1f1f
1f1f1f1f1f1f1f1f
1f1f1f1f1f1f1f1f
1f1f1f1f1f1f1f1f
1f1f1f1f1f1f1f1f
1f1f1f1f1f1f1f1f
1f1f1f1f1f1f1f1f
1f1f1f1f1f1f1f1f
1f1f1f1f1f1f1f1f
1f1f1f1f1f1f1f1f
1f1f1f1f1f1f1f1f
1f1f1f1f1f1f1f1f
1f1f1f1f1f1f1f1f
1f1f1f1f1f1f1f1f
1f1f1f1f1f1f1f1f
1f1f1f1f1f1f1f1f
1f1f1f1f1f1f1f1f
1f1f1f1f1f1f1f1f
3131313131313131
3131313131313131
3131313131313131
3131313131313131
3131313131313131
3131313131313131
3131313131313131
3131313131313131
3131313131313131
3131313131313131
3131313131313131
3131313131313131
3131313131313131
3131313131313131
3131313131313131
3131313131313131
3131313131313131
3131313131313131
3131313131313131
3131313131313131
3131313131313131
3131313131313131
3131313131313131
3131313131313131
3131313131313131
3131313131313131
3131313131313131
3131313131313131
3131313131313131
3131313131313131
3131313131313131
3131313131313131
3131313131313131
3131313131313131
3131313131313131
3131313131313131
3131313131313131
3131313131313131
3131313131313131
3131313131313131
3131313131313131
3131313131313131
3131313131313131
3131313131313131
3131313131313131
3131313131313131
3131313131313131
3131313131313131
3131313131313131
3131313131313131
3131313131313131
3131313131313131
3131313131313131
3131313131313131
3131313131313131
3131313131313131
3131313131313131
3131313131313131
3131313131313131
3131313131313131
3131313131313131
3131313131313131
3131313131313131
3131313131313131
3131313131313131
3131313131313131
3131313131313131
3131313131313131
3131313131313131
3131313131313131
3131313131313131
3131313131313131
3131313131313131
3131313131313131
3131313131313131
3131313131313131
3131313131313131
3131313131313131
3131313131313131
3131313131313131
3131313131313131
3131313131313131
3131313131313131
3131313131313131
3131313131313131
3131313131313131
3131313131313131
3131313131313131
3131313131313131
3131313131313131
3131313131313131
3131313131313131
3131313131313131
3131313131313131
3131313131313131
3131313131313131
3131313131313131
3131313131313131
3131313131313131
3131313131313131
3131313131313131
3131313131313131
3131313131313131
3131313131313131
3131313131313131
3131313131313131
3131313131313131
3131313131313131
3131313131313131
3131313131313131
3131313131313131
3131313131313131
3131313131313131
3131313131313131
3131313131313131
3131313131313131
3131313131313131
3131313131313131
3131313131313131
3131313131313131
3131313131313131
3131313131313131
3131313131313131
3131313131313131
3131313131313131
3131313131313131
3131313131313131
3131313131313131
3131313131313131
3131313131313131
3131313131313131
3131313131313131
3131313131313131
3131313131313131
3131313131313131
3131313131313131
0d0d0d0d0d0d3331
0d0d0d0d0d0d3331
0d0d0d0d0d0d3331
0d0d0d0d0d0d3331
0d0d0d0d0d0d3331
0d0d0d0d0d0d3331
0d0d0d0d0d0d3331
0d0d0d0d0d0d3331
3131313131313131
3131313131313131
3131313131313131
3131313131313131
3131313131313131
3131313131313131
3131313131313131
3131313131313131
0d0d0d0d0d0d3331
0d0d0d0d0d0d3331
0d0d0d0d0d0d3331
0d0d0d0d0d0d3331
0d0d0d0d0d0d3331
0d0d0d0d0d0d3331
0d0d0d0d0d0d3331
0d0d0d0d0d0d3331
0d0d0d0d37313137
0d0d0d0d37313135
0d0d0d0d35333533
0d0d0d0d3335370d
0d0d0d0d0d37370d
0d0d0d0d0d35370d
0d0d0d0d0d37370d
0d0d0d0d0d37350d
31310d3331330d0d
0d0d0d3331330d0d
0d0d0d3331330d0d
0d0d0d3331330d0d
0d0d0d3331330d0d
0d0d0d3331330d0d
0d0d0d3331330d0d
0d0d0d3331330d0d
0d0d0d0d0d37350d
0d0d0d0d0d0d0d0d
0d0d0d0d0d0d0d0d
0d0d0d0d0d0d0d0d
0d0d0d0d0d0d0d0d
0d0d0d0d0d0d0d0d
0d0d0d0d0d0d0d0d
0d0d0d0d0d0d0d0d
0d0d0d3331330d0d
0d0d0d3331330d0d
310d0d3331330d0d
310d0d3331330d0d
310d0d3331330d0d
310d0d3331330d0d
330d0d3331330d0d
330d0d3331330d0d
0d0d0d0d0d333331
0d0d0d0d0d33330d
0d0d0d0d0d333131
0d0d0d0d0d313131
310d0d0d0d0d3133
330d0d0d0d0d3333
330d0d0d0d0d3133
310d0d0d0d0d3331
3131310d3105310d
3131310d3105310d
3131310d3105330d
3131313333053333
3131313333053333
3131333105050505
3131330505050505
3131330505050505
310d0d0d0d0d3133
310d0d0d0d0d3333
330d0d0d0d0d3331
330d0d0d0d0d3131
310d0d0d0d0d3131
0d0d0d0d0d0d0d31
0d0d0d0d0d0d0d31
0d0d0d0d0d0d0d31
3131330505050505
3131330505330505
3131333105350505
3131333105353105
3131313333333331
3131313333333333
3131310d0d33310d
3131310d3131330d
3131313131313131
3131313131313131
3131313131313131
3131313131313131
3131313131313131
3131313131313131
3131313131313131
3131313131313131
3131313131313131
3131313131313131
3131313131313131
3131313131313131
3131313131313131
3131313131313131
3131313131313131
3131313131313131
3131313131313131
3131313131313131
3131313131313131
3131313131313131
3131313131313131
3131313131313131
3131313131313131
3131313131313131
3131313131313131
3131313131313131
3131313131313131
3131313131313131
3131313131313131
3131313131313131
3131313131313131
3131313131313131
3131313131313131
3131313131313131
3131313131313131
3131313131313131
3131313131313131
3131313131313131
3131313131313131
3131313131313131
3131313131313131
3131313131313131
3131313131313131
3131313131313131
3131313131313131
3131313131313131
3131313131313131
3131313131313131
3131313131313131
3131313131313131
3131313131313131
3131313131313131
3131313131313131
3131313131313131
3131313131313131
3131313131313131
3131313131313131
3131313131313131
3131313131313131
3131313131313131
3131313131313131
3131313131313131
3131313131313131
3131313131313131
3131313131313131
3131313131313131
3131313131313131
3131313131313131
3131313131313131
3131313131313131
3131313131313131
3131313131313131
3131313131313131
3131313131313131
3131313131313131
3131313131313131
3131313131313131
3131313131313131
3131313131313131
3131313131313131
3131313131313131
3131313131313131
3131313131313131
3131313131313131
3131313131313131
3131313131313131
3131313131313131
3131313131313131
3131313131313131
3131313131313131
3131313131313131
3131313131313131
3131313131313131
3131313131313131
3131313131313131
3131313131313131
3131313131313131
3131313131313131
3131313131313131
3131313131313131
3131313131313131
3131313131313131
3131313131313131
3131313131313131
3131313131313131
3131313131313131
3131313131313131
3131313131313131
3131313131313131
3131313131313131
3131313131313131
3131313131313131
3131313131313131
3131313131313131
3131313131313131
3131313131313131
3131313131313131
3131313131313131
3131313131313131
3131313131313131
3131313131313131
3131313131313131
3131313131313131
3131313131313131
3131313131313131
3131313131313131
3131313131313131
3131313131313131
3131313131313131
3131313131313131
3131313131313131
3131313131313131
3131313131313131
3131313131313131
3131313131313131
3131313131313131
3131313131313131
3131313131313131
3131313131313131
3131313131313131
3131313131313131
3131313131313131
3131313131313131
3131313131313131
3131313131313131
3131313131313131
3131313131313131
3131313131313131
3131313131313131
3131313131313131
3131313131313131
3131313131313131
3131313131313131
3131313131313131
3131313131313131
3131313131313131
3131313131313131
3131313131313131
3131313131313131
3131313131313131
3131313131313131
3131313131313131
3131313131313131
3131313131313131
3131313131313131
3131313131313131
3131313131313131
3131313131313131
3131313131313131
3131313131313131
3131313131313131
3131313131313131
3131313131313131
3131313131313131
3131313131313131
3131313131313131
3131313131313131
3131313131313131
3131313131313131
3131313131313131
3131313131313131
3131313131313131
3131313131313131
3131313131313131
3131313131313131
3131313131313131
3131313131313131
3131313131313131
3131313131313131
3131313131313131
3131313131313131
3131313131313131
3131313131313131
3131313131313131
3131313131313131
3131313131313131
3131313131313131
3131313131313131
3131313131313131
3131313131313131
3131313131313131
3131313131313131
3131313131313131
3131313131313131
3131313131313131
3131313131313131
3131313131313131
3131313131313131
3131313131313131
3131313131313131
3131313131313131
3131313131313131
3131313131313131
3131313131313131
3131313131313131
3131313131313131
3131313131313131
3131313131313131
3131313131313131
3131313131313131
3131313131313131
3131313131313131
3131313131313131
3131313131313131
3131313131313131
3131313131313131
3131313131313131
3131313131313131
3131313131313131
3131313131313131
3131313131313131
3131313131313131
3131313131313131
3131313131313131
3131313131313131
3131313131313131
3131313131313131
3131313131313131
3131313131313131
3131313131313131
3131313131313131
3131313131313131
3131313131313131
3131313131313131
3131313131313131
3131313131313131
3131313131313131
3131313131313131
3131313131313131
3131313131313131
3131313131313131
3131313131313131
3131313131313131
3131313131313131
3131313131313131
3131313131313131
1f1f1f1f1f1f1f1f
1f1f1f1f1f1f1f1f
1f1f1f1f1f1f1f1f
1f1f1f1f1f1f1f1f
1f1f1f1f1f1f1f1f
1f1f1f1f1f1f1f1f
1f1f1f1f1f1f1f1f
1f1f1f1f1f1f1f1f
1f1f1f1f1f1f1f1f
1f1f1f1f1f1f1f1f
1f1f1f1f1f1f1f1f
1f1f1f1f1f1f1f1f
1f1f1f1f1f1f1f1f
1f1f1f1f1f1f1f1f
1f1f1f1f1f1f1f1f
1f1f1f1f1f1f1f1f
1f1f1f1f1f1f1f1f
1f1f1f1f1f1f1f1f
1f1f1f1f1f1f1f1f
1f1f1f1f1f1f1f1f
1f1f1f1f1f1f1f1f
1f1f1f1f1f1f1f1f
1f1f1f1f1f1f1f1f
1f1f1f1f1f1f1f1f
1f1f1f1f1f1f1f1f
1f1f1f1f1f1f1f1f
1f1f1f1f1f1f1f1f
1f1f1f1f1f1f1f1f
1f1f1f1f1f1f1f1f
1f1f1f1f1f1f1f1f
1f1f1f1f1f1f1f1f
1f1f1f1f1f1f1f1f
3131313131313131
3131313131313131
3131313131313131
3131313131313131
3131313131313131
3131313131313131
3131313131313131
3131313131313131
3131313131313131
3131313131313131
3131313131313131
3131313131313131
3131313131313131
3131313131313131
3131313131313131
3131313131313131
3131313131313131
3131313131313131
3131313131313131
3131313131313131
3131313131313131
3131313131313131
3131313131313131
3131313131313131
3131313131313131
3131313131313131
3131313131313131
3131313131313131
3131313131313131
3131313131313131
3131313131313131
3131313131313131
3131313131313131
3131313131313131
3131313131313131
3131313131313131
3131313131313131
3131313131313131
3131313131313131
3131313131313131
3131313131313131
3131313131313131
3131313131313131
3131313131313131
3131313131313131
3131313131313131
3131313131313131
3131313131313131
3131313131313131
3131313131313131
3131313131313131
3131313131313131
3131313131313131
3131313131313131
3131313131313131
3131313131313131
3131313131313131
3131313131313131
3131313131313131
3131313131313131
3131313131313131
3131313131313131
3131313131313131
3131313131313131
3131313131313131
3131313131313131
3131313131313131
3131313131313131
3131313131313131
3131313131313131
3131313131313131
3131313131313131
3131313131313131
3131313131313131
3131313131313131
3131313131313131
3131313131313131
3131313131313131
3131313131313131
3131313131313131
3131313131313131
3131313131313131
3131313131313131
3131313131313131
3131313131313131
3131313131313131
3131313131313131
3131313131313131
3131313131313131
3131313131313131
3131313131313131
3131313131313131
3131313131313131
3131313131313131
3131313131313131
3131313131313131
3131313131313131
3131313131313131
3131313131313131
3131313131313131
3131313131313131
3131313131313131
3131313131313131
3131313131313131
3131313131313131
3131313131313131
3131313131313131
3131313131313131
3131313131313131
3131313131313131
3131313131313131
3131313131313131
3131313131313131
3131313131313131
3131313131313131
3131313131313131
3131313131313131
3131313131313131
3131313131313131
3131313131313131
3131313131313131
3131313131313131
3131313131313131
3131313131313131
3131313131313131
3131313131313131
3131313131313131
3131313131313131
3131313131313131
3131313131313131
3131313131313131
3131313131313131
3131313131313131
3131313131313131
3131313131313131
3131313131313131
0d0d0d0d0d0d3331
0d0d0d0d0d0d3331
0d0d0d0d0d0d3331
0d0d0d0d0d0d3531
0d0d0d0d0d313531
3131313131353331
3333333333353131
3131313131313131
3131313131313131
3131313131313131
3131313131313131
3131313131313131
3131313131313131
3131313131313131
3131313131313131
3131313131313131
3131313131313131
3131313131313131
3131313131313131
3131313131313131
3131313131313131
3131313131313131
3131313131313131
3131313131313131
0d0d0d0d0d0d0d0d
0d0d0d0d0d0d0d0d
0d0d0d0d0d0d0d0d
0d0d0d0d0d0d0d0d
0d0d0d0d0d0d0d0d
3131313131313131
3333333333333333
3131313131313131
330d0d3331330d0d
310d0d3331330d0d
310d0d3331350d0d
310d0d3331350d0d
310d0d3331350d0d
3131313331373131
3131333331333333
0d0d333331313131
3131313131313131
3131313131313131
3131313131313131
3131313131313131
3131313131313131
3131313131313131
3131313131313131
3131313131313131
0d0d313331313131
0d0d0d3531313131
0d0d0d3331313131
330d0d3331313131
370d0d3331313131
370d0d3331313131
350d0d3331313131
370d0d3331313131
0d0d0d0d0d0d0d31
0d0d0d0d0d0d0d31
0d0d0d0d0d0d0d33
0d0d0d0d0d0d0d33
0d0d0d0d0d0d0d31
3131313131313131
3131313131313131
0d0d0d0d0d0d0d0d
3131310d3305330d
3131313133053333
3131313331313133
3131330d0d0d0d0d
3131310d0d0d0d0d
3131333131313131
3131353131313131
3131350d0d0d0d0d
0d0d0d0d0d0d0d0d
0d0d0d0d0d0d0d0d
0d0d0d0d0d0d3333
0d0d0d0d0d333535
0d0d0d0d0d373333
0d0d0d0d0d373131
0d0d0d0d0d353333
0d0d0d0d0d373735
3131330d0d0d0d0d
3131330d0d0d0d0d
3131310d0d330d0d
3131310d0d350d0d
3131310d0d370d0d
3131310d0d37330d
3131310d3533350d
3131310d3731370d
3131313131313131
3131313131313131
3131313131313131
3131313131313131
3131313131313131
3131313131313131
3131313131313131
3131313131313131
3131313131313131
3131313131313131
3131313131313131
3131313131313131
3131313131313131
3131313131313131
3131313131313131
3131313131313131
3131313131313131
3131313131313131
3131313131313131
3131313131313131
3131313131313131
3131313131313131
3131313131313131
3131313131313131
3131313131313131
3131313131313131
3131313131313131
3131313131313131
3131313131313131
3131313131313131
3131313131313131
3131313131313131
3131313131313131
3131313131313131
3131313131313131
3131313131313131
3131313131313131
3131313131313131
3131313131313131
3131313131313131
3131313131313131
3131313131313131
3131313131313131
3131313131313131
3131313131313131
3131313131313131
3131313131313131
3131313131313131
3131313131313131
3131313131313131
3131313131313131
3131313131313131
3131313131313131
3131313131313131
3131313131313131
3131313131313131
3131313131313131
3131313131313131
3131313131313131
3131313131313131
3131313131313131
3131313131313131
3131313131313131
3131313131313131
3131313131313131
3131313131313131
3131313131313131
3131313131313131
3131313131313131
3131313131313131
3131313131313131
3131313131313131
3131313131313131
3131313131313131
3131313131313131
3131313131313131
3131313131313131
3131313131313131
3131313131313131
3131313131313131
3131313131313131
3131313131313131
3131313131313131
3131313131313131
3131313131313131
3131313131313131
3131313131313131
3131313131313131
3131313131313131
3131313131313131
3131313131313131
3131313131313131
3131313131313131
3131313131313131
3131313131313131
3131313131313131
3131313131313131
3131313131313131
3131313131313131
3131313131313131
3131313131313131
3131313131313131
3131313131313131
3131313131313131
3131313131313131
3131313131313131
3131313131313131
3131313131313131
3131313131313131
3131313131313131
3131313131313131
3131313131313131
3131313131313131
3131313131313131
3131313131313131
3131313131313131
3131313131313131
3131313131313131
3131313131313131
3131313131313131
3131313131313131
3131313131313131
3131313131313131
3131313131313131
3131313131313131
3131313131313131
3131313131313131
3131313131313131
3131313131313131
3131313131313131
3131313131313131
3131313131313131
3131313131313131
3131313131313131
3131313131313131
3131313131313131
3131313131313131
3131313131313131
3131313131313131
3131313131313131
3131313131313131
3131313131313131
3131313131313131
3131313131313131
3131313131313131
3131313131313131
3131313131313131
3131313131313131
3131313131313131
3131313131313131
3131313131313131
3131313131313131
3131313131313131
3131313131313131
3131313131313131
3131313131313131
3131313131313131
3131313131313131
3131313131313131
3131313131313131
3131313131313131
3131313131313131
3131313131313131
3131313131313131
3131313131313131
3131313131313131
3131313131313131
3131313131313131
3131313131313131
3131313131313131
3131313131313131
3131313131313131
3131313131313131
3131313131313131
3131313131313131
3131313131313131
3131313131313131
3131313131313131
3131313131313131
3131313131313131
3131313131313131
3131313131313131
3131313131313131
3131313131313131
3131313131313131
3131313131313131
3131313131313131
3131313131313131
3131313131313131
3131313131313131
3131313131313131
3131313131313131
3131313131313131
3131313131313131
3131313131313131
3131313131313131
3131313131313131
3131313131313131
3131313131313131
3131313131313131
3131313131313131
3131313131313131
3131313131313131
3131313131313131
3131313131313131
3131313131313131
3131313131313131
3131313131313131
3131313131313131
3131313131313131
3131313131313131
3131313131313131
3131313131313131
3131313131313131
3131313131313131
3131313131313131
3131313131313131
3131313131313131
3131313131313131
3131313131313131
3131313131313131
3131313131313131
3131313131313131
3131313131313131
3131313131313131
3131313131313131
3131313131313131
3131313131313131
3131313131313131
3131313131313131
3131313131313131
3131313131313131
3131313131313131
3131313131313131
3131313131313131
3131313131313131
3131313131313131
3131313131313131
3131313131313131
3131313131313131
3131313131313131
3131313131313131
3131313131313131
3131313131313131
3131313131313131
3131313131313131
3131313131313131
3131313131313131
3131313131313131
3131313131313131
3131313131313131
3131313131313131
3131313131313131
3131313131313131
3131313131313131
3131313131313131
1f1f1f1f1f1f1f1f
1f1f1f1f1f1f1f1f
1f1f1f1f1f1f1f1f
1f1f1f1f1f1f1f1f
1f1f1f1f1f1f1f1f
1f1f1f1f1f1f1f1f
1f1f1f1f1f1f1f1f
1f1f1f1f1f1f1f1f
1f1f1f1f1f1f1f1f
1f1f1f1f1f1f1f1f
1f1f1f1f1f1f1f1f
1f1f1f1f1f1f1f1f
1f1f1f1f1f1f1f1f
1f1f1f1f1f1f1f1f
1f1f1f1f1f1f1f1f
1f1f1f1f1f1f1f1f
1f1f1f1f1f1f1f1f
1f1f1f1f1f1f1f1f
1f1f1f1f1f1f1f1f
1f1f1f1f1f1f1f1f
1f1f1f1f1f1f1f1f
1f1f1f1f1f1f1f1f
1f1f1f1f1f1f1f1f
1f1f1f1f1f1f1f1f
1f1f1f1f1f1f1f1f
1f1f1f1f1f1f1f1f
1f1f1f1f1f1f1f1f
1f1f1f1f1f1f1f1f
1f1f1f1f1f1f1f1f
1f1f1f1f1f1f1f1f
1f1f1f1f1f1f1f1f
1f1f1f1f1f1f1f1f
3131313131313131
3131313131313131
3131313131313131
3131313131313131
3131313131313131
3131313131313131
3131313131313131
3131313131313131
3131313131313131
3131313131313131
3131313131313131
3131313131313131
3131313131313131
3131313131313131
3131313131313131
3131313131313131
3131313131313131
3131313131313131
3131313131313131
3131313131313131
3131313131313131
3131313131313131
3131313131313131
3131313131313131
3131313131313131
3131313131313131
3131313131313131
3131313131313131
3131313131313131
3131313131313131
3131313131313131
3131313131313131
3131313131313131
3131313131313131
3131313131313131
3131313131313131
3131313131313131
3131313131313131
3131313131313131
3131313131313131
3131313131313131
3131313131313131
3131313131313131
3131313131313131
3131313131313131
3131313131313131
3131313131313131
3131313131313131
3131313131313131
3131313131313131
3131313131313131
3131313131313131
3131313131313131
3131313131313131
3131313131313131
3131313131313131
3131313131313131
3131313131313131
3131313131313131
3131313131313131
3131313131313131
3131313131313131
3131313131313131
3131313131313131
3131313131313131
3131313131313131
3131313131313131
3131313131313131
3131313131313131
3131313131313131
3131313131313131
3131313131313131
3131313131313131
3131313131313131
3131313131313131
3131313131313131
3131313131313131
3131313131313131
3131313131313131
3131313131313131
3131313131313131
3131313131313131
3131313131313131
3131313131313131
3131313131313131
3131313131313131
3131313131313131
3131313131313131
3131313131313131
3131313131313131
3131313131313131
3131313131313131
3131313131313131
3131313131313131
3131313131313131
3131313131313131
3131313131313131
3131313131313131
3131313131313131
3131313131313131
3131313131313131
3131313131313131
3131313131313131
3131313131313131
3131313131313131
3131313131313131
3131313131313131
3131313131313131
3131313131313131
3131313131313131
3131313131313131
3131313131313131
3131313131313131
3131313131313131
3131313131313131
3131313131313131
3131313131313131
3131313131313131
3131313131313131
3131313131313131
3131313131313131
3131313131313131
3131313131313131
3131313131313131
3131313131313131
3131313131313131
3131313131313131
3131313131313131
3131313131313131
3131313131313131
3131313131313131
3131313131313131
3131313131313131
3131313131313131
3131313131313131
3131313131313131
3131313131313131
3131313131313131
3131313131313131
3131313131313131
3131313131313131
3131313131313131
3131313131313131
3131313131313131
3131313131313131
3131313131313131
3131313131313131
3131313131313131
3131313131313131
3131313131313131
3131313131313131
3131313131313131
3131313131313131
3131313131313131
3131313131313131
3131313131313131
3131313131313131
3131313131313131
3131313131313131
3131313131313131
3131313131313131
3131313131313131
3131313131313131
3131313131313131
3131313131313131
3131313131313131
3131313131313131
3131313131313131
35330d3331313131
33330d3331313131
31350d3331313131
33330d3331313131
33330d3331313131
33350d3331313131
31330d3331313131
31330d3331313131
3131313131313131
3131313131313131
3131313131313131
3131313131313131
3131313131313131
3131313131313131
3131313131313131
3131313131313131
31330d3331313131
31350d3331313131
31350d3331313131
31350d3331313131
31330d3331313131
31350d3331313131
33350d3331313131
35330d3331313131
0d0d0d0d0d373537
0d0d0d0d0d353537
0d0d0d0d0d0d0d33
0d0d0d0d0d0d3535
0d0d0d0d0d333737
0d0d0d0d0d373137
0d0d0d0d0d373131
0d0d0d0d0d353737
3131310d3731370d
3131310d3731370d
3131310d37313533
3131313335313335
3131313731313137
3131313731313137
3131313531313137
3131313731313137
0d0d0d0d0d373737
0d0d0d0d0d353537
0d0d0d0d0d333533
0d0d0d0d0d333533
0d0d0d0d0d333533
0d0d0d0d0d333535
0d0d0d0d0d333737
0d0d0d0d0d373737
3131313731313137
3131313731313137
3131313335313335
3131310d37313533
3131310d3731370d
3131310d3731370d
3131310d3731370d
3131310d3533350d
3131313131313131
3131313131313131
3131313131313131
3131313131313131
3131313131313131
3131313131313131
3131313131313131
3131313131313131
3131313131313131
3131313131313131
3131313131313131
3131313131313131
3131313131313131
3131313131313131
3131313131313131
3131313131313131
3131313131313131
3131313131313131
3131313131313131
3131313131313131
3131313131313131
3131313131313131
3131313131313131
3131313131313131
3131313131313131
3131313131313131
3131313131313131
3131313131313131
3131313131313131
3131313131313131
3131313131313131
3131313131313131
3131313131313131
3131313131313131
3131313131313131
3131313131313131
3131313131313131
3131313131313131
3131313131313131
3131313131313131
3131313131313131
3131313131313131
3131313131313131
3131313131313131
3131313131313131
3131313131313131
3131313131313131
3131313131313131
3131313131313131
3131313131313131
3131313131313131
3131313131313131
3131313131313131
3131313131313131
3131313131313131
3131313131313131
3131313131313131
3131313131313131
3131313131313131
3131313131313131
3131313131313131
3131313131313131
3131313131313131
3131313131313131
3131313131313131
3131313131313131
3131313131313131
3131313131313131
3131313131313131
3131313131313131
3131313131313131
3131313131313131
3131313131313131
3131313131313131
3131313131313131
3131313131313131
3131313131313131
3131313131313131
3131313131313131
3131313131313131
3131313131313131
3131313131313131
3131313131313131
3131313131313131
3131313131313131
3131313131313131
3131313131313131
3131313131313131
3131313131313131
3131313131313131
3131313131313131
3131313131313131
3131313131313131
3131313131313131
3131313131313131
3131313131313131
3131313131313131
3131313131313131
3131313131313131
3131313131313131
3131313131313131
3131313131313131
3131313131313131
3131313131313131
3131313131313131
3131313131313131
3131313131313131
3131313131313131
3131313131313131
3131313131313131
3131313131313131
3131313131313131
3131313131313131
3131313131313131
3131313131313131
3131313131313131
3131313131313131
3131313131313131
3131313131313131
3131313131313131
3131313131313131
3131313131313131
3131313131313131
3131313131313131
3131313131313131
3131313131313131
3131313131313131
3131313131313131
3131313131313131
3131313131313131
3131313131313131
3131313131313131
3131313131313131
3131313131313131
3131313131313131
3131313131313131
3131313131313131
3131313131313131
3131313131313131
3131313131313131
3131313131313131
3131313131313131
3131313131313131
3131313131313131
3131313131313131
3131313131313131
3131313131313131
3131313131313131
3131313131313131
3131313131313131
3131313131313131
3131313131313131
3131313131313131
3131313131313131
3131313131313131
3131313131313131
3131313131313131
3131313131313131
3131313131313131
3131313131313131
3131313131313131
3131313131313131
3131313131313131
3131313131313131
3131313131313131
3131313131313131
3131313131313131
3131313131313131
3131313131313131
3131313131313131
3131313131313131
3131313131313131
3131313131313131
3131313131313131
3131313131313131
3131313131313131
3131313131313131
3131313131313131
3131313131313131
3131313131313131
3131313131313131
3131313131313131
3131313131313131
3131313131313131
3131313131313131
3131313131313131
3131313131313131
3131313131313131
3131313131313131
3131313131313131
3131313131313131
3131313131313131
3131313131313131
3131313131313131
3131313131313131
3131313131313131
3131313131313131
3131313131313131
3131313131313131
3131313131313131
3131313131313131
3131313131313131
3131313131313131
3131313131313131
3131313131313131
3131313131313131
3131313131313131
3131313131313131
3131313131313131
3131313131313131
3131313131313131
3131313131313131
3131313131313131
3131313131313131
3131313131313131
3131313131313131
3131313131313131
3131313131313131
3131313131313131
3131313131313131
3131313131313131
3131313131313131
3131313131313131
3131313131313131
3131313131313131
3131313131313131
3131313131313131
3131313131313131
3131313131313131
3131313131313131
3131313131313131
3131313131313131
3131313131313131
3131313131313131
3131313131313131
3131313131313131
3131313131313131
3131313131313131
3131313131313131
3131313131313131
3131313131313131
3131313131313131
3131313131313131
3131313131313131
3131313131313131
3131313131313131
3131313131313131
3131313131313131
3131313131313131
3131313131313131
3131313131313131
3131313131313131
3131313131313131
3131313131313131
3131313131313131
3131313131313131
1f1f1f1f1f1f1f1f
1f1f1f1f1f1f1f1f
1f1f1f1f1f1f1f1f
1f1f1f1f1f1f1f1f
1f1f1f1f1f1f1f1f
1f1f1f1f1f1f1f1f
1f1f1f1f1f1f1f1f
1f1f1f1f1f1f1f1f
1f1f1f1f1f1f1f1f
1f1f1f1f1f1f1f1f
1f1f1f1f1f1f1f1f
1f1f1f1f1f1f1f1f
1f1f1f1f1f1f1f1f
1f1f1f1f1f1f1f1f
1f1f1f1f1f1f1f1f
1f1f1f1f1f1f1f1f
1f1f1f1f1f1f1f1f
1f1f1f1f1f1f1f1f
1f1f1f1f1f1f1f1f
1f1f1f1f1f1f1f1f
1f1f1f1f1f1f1f1f
1f1f1f1f1f1f1f1f
1f1f1f1f1f1f1f1f
1f1f1f1f1f1f1f1f
1f1f1f1f1f1f1f1f
1f1f1f1f1f1f1f1f
1f1f1f1f1f1f1f1f
1f1f1f1f1f1f1f1f
1f1f1f1f1f1f1f1f
1f1f1f1f1f1f1f1f
1f1f1f1f1f1f1f1f
1f1f1f1f1f1f1f1f
3131313131313131
3131313131313131
3131313131313131
3131313131313131
3131313131313131
3131313131313131
3131313131313131
3131313131313131
3131313131313131
3131313131313131
3131313131313131
3131313131313131
3131313131313131
3131313131313131
3131313131313131
3131313131313131
3131313131313131
3131313131313131
3131313131313131
3131313131313131
3131313131313131
3131313131313131
3131313131313131
3131313131313131
3131313131313131
3131313131313131
3131313131313131
3131313131313131
3131313131313131
3131313131313131
3131313131313131
3131313131313131
3131313131313131
3131313131313131
3131313131313131
3131313131313131
3131313131313131
3131313131313131
3131313131313131
3131313131313131
3131313131313131
3131313131313131
3131313131313131
3131313131313131
3131313131313131
3131313131313131
3131313131313131
3131313131313131
3131313131313131
3131313131313131
3131313131313131
3131313131313131
3131313131313131
3131313131313131
3131313131313131
3131313131313131
3131313131313131
3131313131313131
3131313131313131
3131313131313131
3131313131313131
3131313131313131
3131313131313131
3131313131313131
3131313131313131
3131313131313131
3131313131313131
3131313131313131
3131313131313131
3131313131313131
3131313131313131
3131313131313131
3131313131313131
3131313131313131
3131313131313131
3131313131313131
3131313131313131
3131313131313131
3131313131313131
3131313131313131
3131313131313131
3131313131313131
3131313131313131
3131313131313131
3131313131313131
3131313131313131
3131313131313131
3131313131313131
3131313131313131
3131313131313131
3131313131313131
3131313131313131
3131313131313131
3131313131313131
3131313131313131
3131313131313131
3131313131313131
3131313131313131
3131313131313131
3131313131313131
3131313131313131
3131313131313131
3131313131313131
3131313131313131
3131313131313131
3131313131313131
3131313131313131
3131313131313131
3131313131313131
3131313131313131
3131313131313131
3131313131313131
3131313131313131
3131313131313131
3131313131313131
3131313131313131
3131313131313131
3131313131313131
3131313131313131
3131313131313131
3131313131313131
3131313131313131
3131313131313131
3131313131313131
3131313131313131
3131313131313131
3131313131313131
3131313131313131
3131313131313131
3131313131313131
3131313131313131
3131313131313131
3131313131313131
3131313131313131
3131313131313131
3131313131313131
3131313131313131
3131313131313131
3131313131313131
3131313131313131
3131313131313131
3131313131313131
3131313131313131
3131313131313131
3131313131313131
3131313131313131
3131313131313131
3131313131313131
3131313131313131
3131313131313131
3131313131313131
3131313131313131
3131313131313131
3131313131313131
3131313131313131
3131313131313131
3131313131313131
3131313131313131
3131313131313131
3131313131313131
3131313131313131
3131313131313131
3131313131313131
3131313131313131
3131313131313131
3131313131313131
3131313131313131
3131313131313131
370d0d3331313131
370d0d3331313131
370d0d3331313131
350d0d3331313131
0d0d0d3331313131
3131313331313131
3131333331313131
0d0d333331313131
3131313131313131
3131313131313131
3131313131313131
3131313131313131
3131313131313131
3131313131313131
3131313131313131
3131313131313131
0d0d313331313131
0d0d0d3331313131
0d0d0d3331313131
310d0d3331313131
330d0d3331313131
330d0d3331313131
330d0d3331313131
310d0d3331313131
0d0d0d0d0d373737
0d0d0d0d0d373131
0d0d0d0d0d373131
0d0d0d0d0d333535
0d0d0d0d0d0d3537
3131313131313131
3131313131313131
0d0d0d0d0d0d0d0d
3131310d0d35330d
3131310d0d370d0d
3131310d0d350d0d
3131330d0d330d0d
3131310d0d0d0d0d
3131333131313131
3131353131313131
3131350d0d0d0d0d
0d0d0d0d0d0d0d0d
0d0d0d0d0d0d0d0d
0d0d0d0d0d0d0d0d
0d0d0d0d0d333131
0d0d0d0d0d310505
0d0d0d0d0d310505
0d0d0d0d0d310505
0d0d0d0d0d333131
3131330d0d0d0d0d
3131330d0d0d0d0d
3131310d0d0d0d0d
3131310d0d0d0d0d
3131310d3133330d
3131310d3305330d
3131310d3305330d
3131310d3305330d
3131313131313131
3131313131313131
3131313131313131
3131313131313131
3131313131313131
3131313131313131
3131313131313131
3131313131313131
3131313131313131
3131313131313131
3131313131313131
3131313131313131
3131313131313131
3131313131313131
3131313131313131
3131313131313131
3131313131313131
3131313131313131
3131313131313131
3131313131313131
3131313131313131
3131313131313131
3131313131313131
3131313131313131
3131313131313131
3131313131313131
3131313131313131
3131313131313131
3131313131313131
3131313131313131
3131313131313131
3131313131313131
3131313131313131
3131313131313131
3131313131313131
3131313131313131
3131313131313131
3131313131313131
3131313131313131
3131313131313131
3131313131313131
3131313131313131
3131313131313131
3131313131313131
3131313131313131
3131313131313131
3131313131313131
3131313131313131
3131313131313131
3131313131313131
3131313131313131
3131313131313131
3131313131313131
3131313131313131
3131313131313131
3131313131313131
3131313131313131
3131313131313131
3131313131313131
3131313131313131
3131313131313131
3131313131313131
3131313131313131
3131313131313131
3131313131313131
3131313131313131
3131313131313131
3131313131313131
3131313131313131
3131313131313131
3131313131313131
3131313131313131
3131313131313131
3131313131313131
3131313131313131
3131313131313131
3131313131313131
3131313131313131
3131313131313131
3131313131313131
3131313131313131
3131313131313131
3131313131313131
3131313131313131
3131313131313131
3131313131313131
3131313131313131
3131313131313131
3131313131313131
3131313131313131
3131313131313131
3131313131313131
3131313131313131
3131313131313131
3131313131313131
3131313131313131
3131313131313131
3131313131313131
3131313131313131
3131313131313131
3131313131313131
3131313131313131
3131313131313131
3131313131313131
3131313131313131
3131313131313131
3131313131313131
3131313131313131
3131313131313131
3131313131313131
3131313131313131
3131313131313131
3131313131313131
3131313131313131
3131313131313131
3131313131313131
3131313131313131
3131313131313131
3131313131313131
3131313131313131
3131313131313131
3131313131313131
3131313131313131
3131313131313131
3131313131313131
3131313131313131
3131313131313131
3131313131313131
3131313131313131
3131313131313131
3131313131313131
3131313131313131
3131313131313131
3131313131313131
3131313131313131
3131313131313131
3131313131313131
3131313131313131
3131313131313131
3131313131313131
3131313131313131
3131313131313131
3131313131313131
3131313131313131
3131313131313131
3131313131313131
3131313131313131
3131313131313131
3131313131313131
3131313131313131
3131313131313131
3131313131313131
3131313131313131
3131313131313131
3131313131313131
3131313131313131
3131313131313131
3131313131313131
3131313131313131
3131313131313131
3131313131313131
3131313131313131
3131313131313131
3131313131313131
3131313131313131
3131313131313131
3131313131313131
3131313131313131
3131313131313131
3131313131313131
3131313131313131
3131313131313131
3131313131313131
3131313131313131
3131313131313131
3131313131313131
3131313131313131
3131313131313131
3131313131313131
3131313131313131
3131313131313131
3131313131313131
3131313131313131
3131313131313131
3131313131313131
3131313131313131
3131313131313131
3131313131313131
3131313131313131
3131313131313131
3131313131313131
3131313131313131
3131313131313131
3131313131313131
3131313131313131
3131313131313131
3131313131313131
3131313131313131
3131313131313131
3131313131313131
3131313131313131
3131313131313131
3131313131313131
3131313131313131
3131313131313131
3131313131313131
3131313131313131
3131313131313131
3131313131313131
3131313131313131
3131313131313131
3131313131313131
3131313131313131
3131313131313131
3131313131313131
3131313131313131
3131313131313131
3131313131313131
3131313131313131
3131313131313131
3131313131313131
3131313131313131
3131313131313131
3131313131313131
3131313131313131
3131313131313131
3131313131313131
3131313131313131
3131313131313131
3131313131313131
3131313131313131
3131313131313131
3131313131313131
3131313131313131
3131313131313131
3131313131313131
3131313131313131
3131313131313131
3131313131313131
3131313131313131
3131313131313131
3131313131313131
3131313131313131
3131313131313131
3131313131313131
3131313131313131
3131313131313131
3131313131313131
3131313131313131
3131313131313131
3131313131313131
3131313131313131
3131313131313131
3131313131313131
3131313131313131
3131313131313131
1f1f1f1f1f1f1f1f
1f1f1f1f1f1f1f1f
1f1f1f1f1f1f1f1f
1f1f1f1f1f1f1f1f
1f1f1f1f1f1f1f1f
1f1f1f1f1f1f1f1f
1f1f1f1f1f1f1f1f
1f1f1f1f1f1f1f1f
1f1f1f1f1f1f1f1f
1f1f1f1f1f1f1f1f
1f1f1f1f1f1f1f1f
1f1f1f1f1f1f1f1f
1f1f1f1f1f1f1f1f
1f1f1f1f1f1f1f1f
1f1f1f1f1f1f1f1f
1f1f1f1f1f1f1f1f
1f1f1f1f1f1f1f1f
1f1f1f1f1f1f1f1f
1f1f1f1f1f1f1f1f
1f1f1f1f1f1f1f1f
1f1f1f1f1f1f1f1f
1f1f1f1f1f1f1f1f
1f1f1f1f1f1f1f1f
1f1f1f1f1f1f1f1f
1f1f1f1f1f1f1f1f
1f1f1f1f1f1f1f1f
1f1f1f1f1f1f1f1f
1f1f1f1f1f1f1f1f
1f1f1f1f1f1f1f1f
1f1f1f1f1f1f1f1f
1f1f1f1f1f1f1f1f
1f1f1f1f1f1f1f1f
3131313131313131
3131313131313131
3131313131313131
3131313131313131
3131313131313131
3131313131313131
3131313131313131
3131313131313131
3131313131313131
3131313131313131
3131313131313131
3131313131313131
3131313131313131
3131313131313131
3131313131313131
3131313131313131
3131313131313131
3131313131313131
3131313131313131
3131313131313131
3131313131313131
3131313131313131
3131313131313131
3131313131313131
3131313131313131
3131313131313131
3131313131313131
3131313131313131
3131313131313131
3131313131313131
3131313131313131
3131313131313131
3131313131313131
3131313131313131
3333333331313131
0d0d0d3331313131
0d0d0d3331313131
3333333331313131
3333313131313131
3333313131313131
3131313131313131
3131313131313131
3131313131353333
313131313335330d
313131313333330d
3131313133353533
3131313131353131
3131313131313131
3333313131313131
3333313131313131
3333313131313131
3333313131313131
3333313131313131
3333313131313131
3333313131313131
3333313131313131
3135333131313131
3533373531353131
350d353531333131
3535353331333131
3335353331333131
3533333331333131
3533313331333131
3333313331333131
3131313131313131
3131313131313131
3131313131313131
3131313131313131
3131313131313131
3131313131313131
3131313131313131
3131313131313131
3131313131313131
3131313131313131
3333333333313131
330d0d0d33313131
330d0d0d33313131
3735333333313131
3535313131313131
3735313131313131
3131353331313333
3335333731313735
33350d353333330d
3335373535373537
3135333535333533
3137313535333331
3337313735333331
3333313333333331
3535313131313133
3535313131313137
3535313131313133
3335313131313135
3137313131313137
3137313131313131
3135353131313131
3135353131313131
3131313131313131
3131313131313131
3131333533313131
3131370d37313131
3531350d35313131
3733353735333131
3535353135353131
3735353135353131
3131313131313131
3131313131313131
3131313131313533
3131313131353337
3131313131350d31
3131313131353735
3131313131353535
3131313131373135
3335353137353333
3333333133333535
3333333133333333
3333333133333535
3333333133333533
3333333133333131
3333333133333131
3333333133333131
3131313131373133
3131313131373133
3131313133333133
3131313133333133
3131313133333133
3131313133333133
3131313133333133
3131313133333133
3131313131313131
3131313131313131
3131313131313131
3131313131313131
3131313131313131
3131313131313131
3131313131313131
3131313131313131
3131313131313131
3131313131313131
3131313131313131
3131313131313131
3131313131313131
3131313131313131
3131313131313131
3131313131313131
3131313131313131
3131313131313131
3131313131313131
3131313131313131
3131313131313131
3131313131313131
3131313131313131
3131313131313131
3131313131313131
3131313131313131
3131313131313131
3131313131313131
3131313131313131
3131313131313131
3131313131313131
3131313131313131
3131313131313131
3131313131313131
3131313131313131
3131313131313131
3131313131313131
3131313131313131
3131313131313131
3131313131313131
310d0d3331313131
330d0d3331313131
330d0d3331313131
330d0d3331313131
330d0d3331313131
310d0d3331313131
310d0d3331313131
31310d3331313131
3131313131313131
3131313131313131
3131313131313131
3131313131313131
3131313131313131
3131313131313131
3131313131313131
3131313131313131
33310d3331313131
0d0d0d3331313131
0d0d0d3331313131
0d0d0d3331313131
310d0d3331313131
33310d3331313131
05310d3331313131
31310d3331313131
0d0d0d0d0d313133
0d0d0d0d0d0d0d33
0d0d0d0d0d0d0d31
0d0d0d0d0d0d3333
310d0d0d0d313131
330d0d0d0d330505
330d0d0d0d330505
310d0d0d0d333333
3131310d3105310d
3131310d3105310d
3131310d3105330d
3131313333053333
3131313333053333
3131333105050505
3131333105050505
3131330505050505
310d0d0d0d313333
310d0d0d0d31330d
330d0d0d3131330d
330d0d0d3131310d
310d0d0d31313331
0d0d0d0d0d313331
0d0d0d0d0d313333
0d0d0d0d0d333333
3133330505050505
3335330505330505
350d333105333105
3537333131353105
3535313333353333
3535313333333333
3533310d0d33310d
3531310d3131330d
3131313131313131
3131313131313131
3131313131313131
3131313131313131
3131313131313131
3131313131313131
3131313131313131
3131313131313131
3131313131313131
3131313131313131
3131313131313131
3131313131313131
3131313131313131
3131313131313131
3131313131313131
3131313131313131
3533313131353331
3337333135333731
33373331350d3531
3533333135373335
3135333535313535
3137333535313535
3333333335313535
3333333333313535
3131333331333331
3131353531373533
3131333533330d35
3131353535353735
3131353535353537
3131313135373137
3131313133333137
3131313133333135
3131313131313131
3131313131313131
3333333131353331
0d0d333135313731
0d0d3331350d3333
3333333135373537
3135353137313535
3133353337313535
3131313131313131
3131313131313131
3131313131313133
3131313131313133
3131313131313133
3131313131313135
3131313131313131
3131313131313131
3133353333313535
3133333333313333
3133333335313131
3737333137313131
0d33333137353131
3331333135353331
37373331350d3331
3335333137333331
3131313131313131
3131313131313131
3131313131313131
3131313131313133
3131313131313137
3131313131313135
3131313131313135
3131313131313135
3131313131313131
3131313131313131
3131313131313131
3131313131313131
3131313131313131
3131313131313131
3131313131313131
3131313131313131
3131313131313131
3131313131313131
3131313131313131
3131313131313131
3131313131313131
3131313131313131
3131313131313131
3131313131313131
3131313131313131
3131313131313131
3131313131313131
3131313131313131
3131313131313131
3131313131313131
3131313131313131
3131313131313131
3131313131313131
3131313131313131
3131313131313131
3131313131313131
3131313131313131
3131313131313131
3131313131313131
3131313131313131
3131313131313131
3131313131313131
3131313131313131
3131313131313131
3131313131313131
3131313131313131
3131313131313131
3131313131313131
3131313131313131
3131313131313131
3131313131313131
3131313131313131
3131313131313131
3131313131313131
3131313131313131
3131313131313131
3131313131313131
3131313131313131
3131313131313131
3131313131313131
3131313131313131
3131313131313131
3131313131313131
3131313131313131
3131313131313131
3131313131313131
3131313131313131
3131313131313131
3131313131313131
3131313131313131
3131313131313131
3131313131313131
3131313131313131
3131313131313131
3133333131313131
3135333131313131
3135333131313131
3135333131313131
3333333131313131
3533333131313131
3131313131313131
3131313131313131
3131313133333131
3131313133353131
3131313133353131
3131313133353131
3131313133353131
3131313133353131
3535333131313131
3535333131313131
3535333131313131
3537333131313131
3535333131313131
3535333131313131
3733333131313131
3733333131313131
3335313133373331
3733353133353531
350d353133353531
3337353133373531
3531353333353531
3531353533373531
3531353533353531
3331353533353531
3131313131313131
3131313131313131
3131313131313131
3131313131313131
3131313131313131
3131313131313131
3131313131313131
3131313131313131
3131313131313131
3131313131313131
3131313131313131
3131313131313131
3131313131313131
3131313131313131
3131313131313131
3131313131313131
3533313131313131
3337313731313731
0d35333733313733
3735353533333535
3335353533333335
3135353535353535
3137353533333333
3133333535333533
3133313335313131
333731370d353135
333531350d353135
3535333337353135
3137353531353335
3131353531353337
3131353531353537
3131313133353533
3131313131313131
3131313131313131
3131313535313131
3531333335333131
3531350d0d353131
3531353735373131
3731353535353131
3731353335353131
3131313131313131
3131313131313131
3131313131313535
3131313131313733
313131313133330d
3131313131353537
3131313131353533
3131313131353531
3731353131373131
3533353131353131
3533373331313131
3333373531313131
3333353731313131
3333353533313131
3333333333313131
3333373333313131
3131313131333331
3131313131333331
3131313131333331
3131313131333331
3131313131333331
3131313131333331
3131313131333331
3131313131333331
3131313131313131
3131313131313131
3131313131313131
3131313131313131
3131313131313131
3131313131313131
3131313131313131
3131313131313131
3131313131313131
3131313131313131
3131313131313131
3131313131313131
3131313131313131
3131313131313131
3131313131313131
3131313131313131
3131313131313131
3131313131313131
3131313131313131
3131313131313131
3131313131313131
3131313131313131
3131313131313131
3131313131313131
3131313131313131
3131313131313131
3131313131313131
3131313131313131
3131313131313131
3131313131313131
3131313131313131
3131313131313131
1f1f1f1f1f1f1f1f
1f1f1f1f1f1f1f1f
1f1f1f1f1f1f1f1f
1f1f1f1f1f1f1f1f
1f1f1f1f1f1f1f1f
1f1f1f1f1f1f1f1f
1f1f1f1f1f1f1f1f
1f1f1f1f1f1f1f1f
1f1f1f1f1f1f1f1f
1f1f1f1f1f1f1f1f
1f1f1f1f1f1f1f1f
1f1f1f1f1f1f1f1f
1f1f1f1f1f1f1f1f
1f1f1f1f1f1f1f1f
1f1f1f1f1f1f1f1f
1f1f1f1f1f1f1f1f
1f1f1f1f1f1f1f1f
1f1f1f1f1f1f1f1f
1f1f1f1f1f1f1f1f
1f1f1f1f1f1f1f1f
1f1f1f1f1f1f1f1f
1f1f1f1f1f1f1f1f
1f1f1f1f1f1f1f1f
1f1f1f1f1f1f1f1f
1f1f1f1f1f1f1f1f
1f1f1f1f1f1f1f1f
1f1f1f1f1f1f1f1f
1f1f1f1f1f1f1f1f
1f1f1f1f1f1f1f1f
1f1f1f1f1f1f1f1f
1f1f1f1f1f1f1f1f
1f1f1f1f1f1f1f1f
3131313131313131
3131313131313131
3131313131313131
3131313131313131
3131313131313131
3131313131313131
3131313131313131
3131313131313131
3131313131313131
3131313131313131
3131313131313131
3131313131313131
3131313131313131
3131313131313131
3131313131313131
3131313131313131
3131313131313131
3131313131313131
3131313131313131
3131313131313131
3131313131313131
3131313131313131
3131313131313131
3131313131313131
3131313131313131
3131313131313131
3131313131313131
3131313131313131
3131313131313131
3131313131313131
3131313131313131
3131313131313131
3333313131313131
3333313131313131
3333313131313131
3333313131313131
3333313131313131
3333313131313131
3333313131313131
3333313131313131
3333313331333131
3333313331333131
3333313331333131
3333313331333131
3333313331333131
3333313331333131
3333313331333131
3333313331333131
3333313131313131
3333313131313131
3533313131313131
3131313131313131
3131313131313131
3131313131313131
3131313131313131
3131313131313131
3333313331333131
3333313331333131
3333313531353131
3131313131313131
3131313131313131
3131313131313131
3131313131313131
3131313131313131
3335333333333331
330d0d0d33333331
3333333333333331
3131313333333331
3131313333333331
3131313535333331
3137313535333331
3335313535333331
3137373131313131
3135353131313131
3135353131313131
3135353131313131
3133373131313131
3131373131313131
3131373331313131
3131353531313137
3335373335333331
33370d3533333331
3335333731333331
3131353131313131
3131313131313131
3131313131313131
3131313131313131
3131313131313131
3131353531313135
3131373531313133
3131353531313137
3131313131313131
3131313131313131
3131313131313131
3131313131313131
3131313131313131
3333333133333131
3333333133333131
3333333133333131
3333333133333131
3333333135353131
3535373135373131
3535353135333131
3535353135353533
3131313133333133
3131313133333133
3131313133333133
3131313133353133
3131313131373133
3131313131373135
3131313131373335
3131313131353535
3531353735333535
3531350d37313333
3131373337313735
3131313531313131
3131313131313131
3131313131313131
3131313131313131
3131313131313131
3131313131353735
3131313131370d33
3131313131353337
3131313131313533
3131313131313131
3131313131313131
3131313131313131
3131313131313131
3131313131313131
3131313131313131
3131313131313131
3131313131313131
3131313131313131
3131313131313131
3131313131313131
3131313131313131
3131313131313131
3131313131313131
3131313131313131
3131313131313131
3131313131313131
3131313131313131
3131313131313131
3131313131313131
3131313131313131
3131313131313131
3131313131313131
3131313131313131
3131313131313131
3131313131313131
3131313131313131
3131313131313131
3131313131313131
3131313131313131
3131313131313131
3131313131313131
3131313131313131
3131313131313131
3131313131313131
3131313131313131
3131313131313131
3131313131313131
3131313131313131
3131313131313131
3131313131313131
3131313131313131
3131313131313131
3131313131313131
31310d3331313131
330d0d3331313131
330d0d3331313131
330d0d3331313131
0d0d0d3331313131
310d0d3331313131
330d0d3331313131
310d0d3331313131
3131313131313131
3131313131313131
3131313131313131
3131313131313131
3131313131313131
3131313131313131
3131313131313131
3131313131313131
310d0d3331313131
310d0d3331313131
310d0d3331313131
310d0d3331313131
310d0d3331313131
310d0d3331313131
310d0d3331313131
310d0d3331313131
0d0d0d0d0d333333
0d0d0d0d0d330505
0d0d0d0d0d333105
0d0d0d0d0d313331
0d0d0d0d0d0d3333
3131313131313131
0d0d0d0d0d0d0d0d
0d0d0d0d0d0d0d0d
3131310d3305330d
3131313133053133
3131333331313133
3131330d0d0d0d0d
3131330d0d0d0d0d
3733330d0d333131
3535330d31310d0d
3535330d330d0d0d
350d0d0d35330d0d
370d0d0d33370d0d
35310d0d33370d0d
33330d0d33350d0d
33330d0d3333350d
350d0d0d3335370d
370d0d0d3337350d
350d0d0d3337370d
3537330d31333735
3533310d31373737
3135310d31373337
3133330d31333137
3131330d31353131
3131330d31353131
3131330d31373131
3131330d31353131
3333333333313333
3333333333313333
3333333333313333
3333333333313333
3333333333313535
3333333535313535
3133333535313535
3133333537313535
3131313133353333
31313131330d0d0d
3131313133333333
3131313131313133
3131313131313135
3131313131313135
3131313135333137
3131353535353535
3133333135373335
31333331370d3531
3133333135333731
3131313131353131
3131313131313131
3131313131313131
3131313131313131
3131313131313131
3131353535373535
3131333535310d35
3131353531373533
3131313131333331
3131313131313131
3131313131313131
3131313131313131
3131313131313131
3131313135353131
3131313337313131
3131313333313131
3131313333313131
3133333333313333
3133333333313533
3135353335313535
3335353337333535
3131313131313137
3131313131313335
3131313131313333
3131313131313333
3131313131313333
3131313131313337
3131313131313137
3131313131313135
3735353135373535
0d333531350d3333
3337313135333731
3533313131333331
3131313131313131
3131313131313131
3131313131313131
3131313131313131
3131313131313135
3131313131313135
3131313131313135
3131313131313131
3131313131313131
3131313131313131
3131313131313131
3131313131313131
3131313131313131
3131313131313131
3131313131313131
3131313131313131
3131313131313131
3131313131313131
3131313131313131
3131313131313131
3131313131313131
3131313131313131
3131313131313131
3131313131313131
3131313131313131
3131313131313131
3131313131313131
3131313131313131
3131313131313131
3131313131313131
3131313131313131
3131313131313131
3131313131313131
3131313131313131
3131313131313131
3131313131313131
3131313131313131
3131313131313131
3131313131313131
3131313131313131
3131313131313131
3131313131313131
3131313131313131
3131313131313131
3131313131313131
3131313131313131
3131313131313131
3131313131313131
3131313131313131
3131313131313131
3131313131313131
3131313131313131
3131313131313131
3131313131313131
3131313131313131
3131313131313131
3131313131313131
3131313131313131
3131313131313131
3131313131313131
3131313131313131
3131313131313131
3131313131313131
3131313131313131
3131313131313131
3131313131313131
3131313131313131
3131313131313131
3131313131313131
3131313131313131
3131313131313131
3131313131313131
3131313131313131
3131313131313131
3131313131313131
3131313131313131
3733333131313131
3533333131313131
3533333131313131
3533333131313131
3533333131313131
3533333131313131
3533333131313131
3533333131313131
3331333333333533
3331333333333735
3331333333333737
3331333333333537
3331353533333537
3531353533333537
3531353533333533
3733353333333531
3133333131313131
3133333131313131
3133333131313131
3131313131313131
3131313131313131
3131313131313131
3131313131313131
3131313131313131
3537353133333533
350d353133333335
3733353133333135
3135313131313131
3131313131313131
3131313131313131
3131313131313131
3131313131313131
3333333535353533
0d0d333533333533
3333333335333333
3133333135373333
3133333137373133
3135353135373135
3135353135373135
3135353133353135
3131313337353335
313131370d35330d
3131313535353333
3131353335313131
3131353531313131
3131333531353331
3131333531353337
3337353531353535
3733353137353135
0d35333133333131
3337313135353131
3531313131313131
3131313131313131
3131313131313131
3131313131313131
3131313131313131
3535353537353335
333531350d373137
3337313533353135
3131313133313131
3131313131313131
3131313131313131
3131313131313131
3131313131313131
3333353731313131
3333353531313131
3333373131313131
3533353131313131
3533353131353131
3731353131353131
3731373333373131
3731353535353131
3131313131333331
3131313131333331
3131313131333331
3131313131333331
3131313131333331
3131313131333531
3131313131373531
3131313131353535
3531353735353131
3731350d0d353131
3331333535333131
3131313333313131
3131313131313131
3131313131313131
3131313131313131
3131313131313131
3131313131373535
313131313133330d
3131313131313733
3131313131313333
3131313131313131
3131313131313131
3131313131313131
3131313131313131
3131313131313131
3131313131313131
3131313131313131
3131313131313131
3131313131313131
3131313131313131
3131313131313131
3131313131313131
3131313131313131
3131313131313131
3131313131313131
3131313131313131
3131313131313131
3131313131313131
3131313131313131
3131313131313131
3131313131313131
3131313131313131
3131313131313131
3131313131313131
3131313131313131
3131313131313131
3131313131313131
3131313131313131
3131313131313131
3131313131313131
3131313131313131
3131313131313131
3131313131313131
3131313131313131
3131313131313131
3131313131313131
1f1f1f1f1f1f1f1f
1f1f1f1f1f1f1f1f
1f1f1f1f1f1f1f1f
1f1f1f1f1f1f1f1f
1f1f1f1f1f1f1f1f
1f1f1f1f1f1f1f1f
1f1f1f1f1f1f1f1f
1f1f1f1f1f1f1f1f
1f1f1f1f1f1f1f1f
1f1f1f1f1f1f1f1f
1f1f1f1f1f1f1f1f
1f1f1f1f1f1f1f1f
1f1f1f1f1f1f1f1f
1f1f1f1f1f1f1f1f
1f1f1f1f1f1f1f1f
1f1f1f1f1f1f1f1f
1f1f1f1f1f1f1f1f
1f1f1f1f1f1f1f1f
1f1f1f1f1f1f1f1f
1f1f1f1f1f1f1f1f
1f1f1f1f1f1f1f1f
1f1f1f1f1f1f1f1f
1f1f1f1f1f1f1f1f
1f1f1f1f1f1f1f1f
1f1f1f1f1f1f1f1f
1f1f1f1f1f1f1f1f
1f1f1f1f1f1f1f1f
1f1f1f1f1f1f1f1f
1f1f1f1f1f1f1f1f
1f1f1f1f1f1f1f1f
1f1f1f1f1f1f1f1f
1f1f1f1f1f1f1f1f
3131313131313131
3131313131313131
3131313131313131
3131313131313131
3131313131313131
3131313131313131
3333333333333333
3131313131313131
3131313131313131
3131313131313131
3131313131313131
3131313131313131
3131313131313131
3131313131313131
3333333333333333
3131313131313131
3131313131313131
3131313131313131
3131313131313131
3131313131313131
3131313131313131
3131313131313131
3131313131313131
3131313131313131
3131313131313131
3131313131313131
3131313131313131
3131313131313131
3131313131313131
3131313131313131
3131313131313131
3131313131313131
3131313131313131
3131313131313131
3131313131313131
3131313131313131
3131313131313131
3131313131313131
3333333333333333
3131313131313131
3131313131313131
3131313131313131
3131313131313131
3131313131313131
3131313131313131
3131313131313131
3333333333333333
3131313131313131
3131313131313131
3131313131313131
3131313131313131
3131313131313131
3131313131313131
3131313131313131
3131313131313131
3131313131313131
3131313131313131
3131313131313131
3131313131313131
3131313131313131
3131313131313131
3131313131313131
3131313131313131
3131313131313131
3131313131313131
3131313131313131
3131313131313131
3131313131313131
3131313131313131
3131313131313131
3333333333333333
3131313131313131
3131313131313131
3131313131313131
3131313131313131
3131313131313131
3131313131313131
3131313131313131
3333333333333333
3131313131313131
3131313131313131
3131313131313131
3131313131313131
3131313131313131
3131313131313131
3131313131313131
3131313131313131
3131313131313131
3131313131313131
3131313131313131
3131313131313131
3131313131313131
3131313131313131
3131313131313131
3131313131313131
3131313131313131
3131313131313131
3131313131313131
3131313131313131
3131313131313131
3131313131313131
3131313131313131
3333333333333333
3131313131313131
3131313131313131
3131313131313131
3131313131313131
3131313131313131
3131313131313131
3131313131313131
3333333333333333
3131313131313131
3131313131313131
3131313131313131
3131313131313131
3131313131313131
3131313131313131
3131313131313131
3131313131313131
3131313131313131
3131313131313131
3131313131313131
3131313131313131
3131313131313131
3131313131313131
3131313131313131
3131313131313131
3131313131313131
3131313131313131
3131313131313131
3131313131313131
3131313131313131
3131313131313131
3131313131313131
3333333333333333
3131313131313131
3131313131313131
3131313131313131
3131313131313131
3131313131313131
3131313131313131
3131313131313131
3333333333333333
3131313131313131
3131313131313131
3131313131313131
3131313131313131
3131313131313131
3131313131313131
3131313131313131
3131313131313131
3131313131313131
3131313131313131
3131313131313131
3131313131313131
3131313131313131
3333333131313131
3531353131313131
3331333131313131
3331333131313131
3131313131313131
3131313131313131
3131313131313131
3131313131313131
3131313131313131
3131313131313131
3333333333333333
3131313131313131
310d0d3331313131
310d0d3331313131
310d0d3331313131
310d0d3331313131
310d0d3331313131
310d0d3531313131
310d0d3533333333
310d0d3331313131
3131313131313131
3131313131313131
3131313131313131
3131313131313131
3131313131313131
3131313131313131
3131313131313131
3131313131313131
310d0d3331313131
310d0d3331313131
310d0d3331313131
310d0d3331313131
310d0d3331313131
310d0d3331313131
310d0d3331313131
310d0d3331313131
370d0d0d3335350d
370d0d0d33333531
350d0d0d33333735
310d0d0d37373535
0d0d0d0d33313133
0d0d0d0d33313133
0d0d0d0d35373335
0d0d0d0d33330d0d
3131330d31353131
3131330d31333531
3131330d310d3731
3131330d310d3535
3131330d310d3537
3131330d310d3737
3333330d310d3535
3131330d310d3137
0d0d0d0d33330d0d
0d0d0d0d37370d0d
0d0d0d0d0d0d0d0d
0d0d0d0d0d0d0d0d
0d0d0d0d0d0d0d0d
0d0d0d0d0d0d0d0d
33310d0d310d0d0d
35350d3735350d0d
3131310d310d0d37
3131310d310d0d31
3131310d310d0d0d
3131310d310d0d0d
3131310d310d0d0d
3131310d310d0d0d
3131310d310d0d0d
3131310d310d0d0d
3131313131313131
3131313131313131
3131313131313131
3131313131313131
3131313131313131
3131313131313131
3333333333333333
3131313131313131
3131313131313131
3131313131313131
3131313131313131
3131313131313131
3131313131313131
3131313131313131
3333333333333333
3131313131313131
3131313131313131
3131313131313131
3131313131313131
3131313131313131
3131313131313131
3131313131313131
3131313131313131
3131313131313131
3131313131313131
3131313131313131
3131313131313131
3131313131313131
3131313131313131
3131313131313131
3131313131313131
3131313131313131
3131313131313131
3131313131313131
3131313131313131
3131313131313131
3131313131313131
3131313131313131
3333333333333333
3131313131313131
3131313131313131
3131313131313131
3131313131313131
3131313131313131
3131313131313131
3131313131313131
3333333333333333
3131313131313131
3131313131313131
3131313131313131
3131313131313131
3131313131313131
3131313131313131
3131313131313131
3131313131313131
3131313131313131
3131313131313131
3131313131313131
3131313131313131
3131313131313131
3131313131313131
3131313131313131
3131313131313131
3131313131313131
3131313131313131
3131313131313131
3131313131313131
3131313131313131
3131313131313131
3131313131313131
3333333333333333
3131313131313131
3131313131313131
3131313131313131
3131313131313131
3131313131313131
3131313131313131
3131313131313131
3333333333333333
3131313131313131
3131313131313131
3131313131313131
3131313131313131
3131313131313131
3131313131313131
3131313131313131
3131313131313131
3131313131313131
3131313131313131
3131313131313131
3131313131313131
3131313131313131
3131313131313131
3333333333313131
3131313133313131
3131313135313131
3131313131313131
3131313131313131
3131313131313131
3131313131313131
3131313131313131
3131313131313131
3333333333333333
3131313131313131
3131313131313131
3131313131313131
3131313131313131
3131313131313131
3131313131313131
3131313131313131
3333333333333333
3131313131313131
3131313131313131
3131313131313131
3131313131313131
3131313131313131
3131313131313131
3131313131313333
3131313131313331
3131313131333531
3131313131313131
3131313131313131
3131313131313131
3131313131313131
3131313131313131
3131313131313131
3131313131313131
3131313131313131
3131313131313131
3131313131313131
3131313131313131
3131313131313131
3131313131313131
3131313131313131
3333333333333333
3131313131313131
3131313131313131
3131313131313131
3131313131313131
3131313131313131
3131313131313131
3131313131313131
3333333333333333
3131313131313131
3131313131313131
3131313131313131
3131313131313131
3131313131313131
3131313131313131
3131313131313131
3131313131313131
3131313131313131
3131313131313131
3131313131313131
3131313131313131
3131313131313131
3131313131313131
3131313131313131
3131313131313131
3131313131313131
3131313131313131
3131313131313131
3131313131313131
3131313131313131
3131313131313131
3131313131313131
3333333333333333
3131313131313131
3131313131313131
3131313131313131
3131313131313131
3131313131313131
3131313131313131
3131313131313131
3333333333333333
3131313131313131
3131313131313131
3131313131313131
3131313131313131
3131313131313131
3131313131313131
3131313131313131
3131313131313131
3131313131313131
3131313131313131
3131313131313131
3131313131313131
3131313131313131
3131313131313131
3131313131313131
3131313131313131
3131313131313131
3131313131313131
3131313131313131
3131313131313131
3131313131313131
3131313131313131
3131313131313131
3333333333333333
3131313131313131
3131313131313131
3131313131313131
3131313131313131
3131313131313131
3131313131313131
3131313131313131
3333333333333333
3131313131313131
3131313131313131
3131313131313131
3131313131313131
3131313131313131
3131313131313131
3131313131313131
3131313131313131
3131313131313131
3131313131313131
3131313131313131
3131313131313131
3131313131313131
3131313131313131
3131313131313131
3131313131313131
3131313131313131
3131313131313131
3131313131313131
3131313131313131
3131313131313131
3131313131313131
3131313131313131
3333333333333333
3131313131313131
3131313131313131
3131313131313131
3131313131313131
3131313131313131
3131313131313131
3131313131313131
3333333333333333
3131313131313131
3131313131313131
3131313131313131
3131313131313131
3131313131313131
3131313131313131
3131313131313131
3131313131313131
3131313131313131
3131313131313131
3131313131313131
3131313131313131
3131313131313131
3131313131313131
3131313131313131
3131313131313131
3131313131313131
1f1f1f1f1f1f1f1f
1f1f1f1f1f1f1f1f
1f1f1f1f1f1f1f1f
1f1f1f1f1f1f1f1f
1f1f1f1f1f1f1f1f
1f1f1f1f1f1f1f1f
1f1f1f1f1f1f1f1f
1f1f1f1f1f1f1f1f
1f1f1f1f1f1f1f1f
1f1f1f1f1f1f1f1f
1f1f1f1f1f1f1f1f
1f1f1f1f1f1f1f1f
1f1f1f1f1f1f1f1f
1f1f1f1f1f1f1f1f
1f1f1f1f1f1f1f1f
1f1f1f1f1f1f1f1f
1f1f1f1f1f1f1f1f
1f1f1f1f1f1f1f1f
1f1f1f1f1f1f1f1f
1f1f1f1f1f1f1f1f
1f1f1f1f1f1f1f1f
1f1f1f1f1f1f1f1f
1f1f1f1f1f1f1f1f
1f1f1f1f1f1f1f1f
1f1f1f1f1f1f1f1f
1f1f1f1f1f1f1f1f
1f1f1f1f1f1f1f1f
1f1f1f1f1f1f1f1f
1f1f1f1f1f1f1f1f
1f1f1f1f1f1f1f1f
1f1f1f1f1f1f1f1f
1f1f1f1f1f1f1f1f
3131313131313131
3131313131313131
3131313131313131
3131313131313131
3131313131313131
3131313131313131
3131313131313131
3131313131313131
3131313131313131
3131313131313131
3131313131313131
3131313131313131
3131313131313131
3131313131313131
3131313131313131
3131313131313131
3131313131313131
3131313131313131
3131313131313131
3131313131313131
3131313131313131
3131313131313131
3131313131313131
3131313131313131
3131313131313131
3131313131313131
3131313131313131
3131313131313131
3131313131313131
3131313131313131
3131313131313131
3131313131313131
3131313131313131
3131313131313131
3131313131313131
3131313131313131
3131313131313131
3131313131313131
3131313131313131
3131313131313131
3131313131313131
3131313131313131
3131313131313131
3131313131313131
3131313131313131
3131313131313131
3133333131313131
3133333131313131
3131313131313131
3131313131313131
3131313131313131
3131313131313131
3131313131313131
3131313131313131
3131313131313131
3131313131313131
3133333131313131
3133333131313131
3133333131313131
3133333131313131
3133333131313131
3133333131313131
3133333131313131
3133333131313131
3131313131313131
3131313131313131
3131313131313131
3131313131313131
3131313131313131
3331313131313131
3331313131313333
3331313131313333
3131313131313131
3131313131313131
3131313131313131
3131313131313131
3131313131313131
3131313131313133
3131313131313133
3131313131313133
3331313131313333
3331313131313333
3331313131313333
3535313535353333
3731353531373333
3537353535353333
3735353733373333
3335353531333333
3131313131313133
3131313131313133
3131313131313133
3131313133353533
3131313137313733
3131313135353533
3131313135333533
3131313135313535
3131313131313131
3131313131313131
3131313131313131
3131313131313131
3131313131313131
3131313131313131
3131313131313131
3131313131313131
3131313131313131
3131313131313131
3131313131313131
3131313131313131
3131313131313131
3131313131313131
3131313131313131
3131313131313131
3131313131313131
3131313131313131
3131313131313131
3131313131313131
3131313131313131
3131313131313131
3131313131313131
3131313131313131
3131313131313131
3131313131313131
3131313131313131
3131313131313131
3131313131313131
3131313131313131
3131313131313131
3131313131313131
3131313131313131
3131313131313131
3131313131313131
3131313131313131
3131313131313131
3131313131313131
3131313131313131
3131313131313131
3731373337313131
3531353737313131
3131313537313131
3131313133333131
3131313131353131
3131313133333131
3131313137313131
3337333135313131
3131313131313131
3131313131313131
3131313131313131
3131313131313131
3131313131313131
3131313131313131
3131313131313131
3131313131313131
3731373135313131
3531373335333131
3331333533333131
3131313531353131
3131313531333331
3131313531313331
3131313531313331
3131313331313331
3131313131313733
3131313131313737
3131313131313735
3131313131333331
3131313131353131
3131313131333531
3131313131313731
3131313131313531
310d0d3331313131
310d0d3331313131
310d0d3331313131
310d0d3331313131
310d0d3331313131
310d0d3331313131
310d0d3331313131
310d0d3331313131
3131313131313731
3131313131313531
3131313131333333
3131313131333335
3131313131353135
3131313131333133
3131313131333133
3131313131333133
310d0d3331313131
310d0d3331313131
310d0d3331313131
310d0d3331313131
310d0d3331313131
310d0d3331313131
310d0d3331313131
310d0d3331313131
3335333731370d0d
3131373531350d0d
3131373331370d0d
3131373131350d0d
333337333337310d
0d0d0d0d0d37310d
31310d313335310d
33310d3333350d0d
3131310d310d0d35
3131310d310d0d37
3131330d310d0d37
3131330d310d0d35
3131330d310d0d37
3131330d310d0d37
3131330d310d0d35
3131330d310d0d35
31330d3133370d0d
33330d3133370d0d
05330d3331310d0d
31310d3133310d0d
33330d3331310d0d
33310d3333310d0d
33330d3333310d0d
0d0d0d3133310d0d
3131330d310d0d37
3131330d310d0d31
3131330d310d0d33
3131330d310d0d31
3131330d310d0d33
3131330d310d0d31
3131330d310d0d31
3131330d310d0d31
3131333131313131
3131373131313131
3331373331313131
3531333731313131
3531333731313131
3733333337353131
3335333131333131
3337333131333131
3131313131313131
3131313131313531
3131313131313531
3131313131313731
3131313131333533
3131313131353735
3131313131353537
3131313131353335
3135333131333131
3135333131333131
3135333131333131
3137333131333131
3137333131333131
3135333131333131
3133333131333131
3133333131333131
3131313131353135
3131313131353135
3131313131353135
3131313131373137
3131313131373137
3131313131373137
3131313131333133
3131313131333133
3131313131313131
3131313131313131
3131313131313131
3131313131313131
3131313131313131
3131313131313131
3131313131313131
3131313131313131
3131313131313131
3131313131313131
3131313131313131
3131313131313131
3131313131313131
3131313131313131
3131313131313131
3131313131313131
3131313131313131
3131313131313131
3131313131313131
3131313131313131
3131313131313131
3131313131313131
3131313131313131
3131313131313131
3131313131313131
3131313131313131
3131313131313131
3131313131313131
3131313131313131
3131313131313131
3131313131313131
3131313131313131
3131313131313131
3131313131313131
3131313131313131
3131313131313131
3131313131313131
3131313131313131
3131313131313131
3131313131313131
3131313133333331
3131313131313331
3131313135373331
3131313133353131
3131313133373131
3131313133373131
3131313135353131
3131313337353131
3131313131313131
3131313131313131
3131313131313131
3131313131313131
3131313131313131
3131313131313131
3131313131313131
3131313131313131
3131313337353131
3131313337353131
3131313535353131
3131313535353131
3131313535353131
3131313735313131
3131313537313131
3131313537313131
3131313131333331
3131313131333131
3131313131353331
3131313131373331
3131313131353331
3131313131353533
3131313131353533
3131313131353533
3131313131313131
3131313131313131
3131313131313131
3131313131313131
3131313131313131
3131313131313131
3131313131313131
3131313131313131
3131313131373733
3131313131353535
3131313131373735
3131313131353735
3131313131333535
3131313131313535
3131313131313735
3131313131313735
3131313131313131
3131313131313131
3131313131313131
3131313131313131
3131313131313131
3131313131313131
3131313131313131
3131313131313131
3131313131313131
3131313131313131
3131313131313131
3131313131313131
3131313131313131
3131313131313131
3131313131313131
3131313131313131
3131313131313131
3131313131313131
3131313131313131
3131313131313131
3131313131313131
3131313131313131
3331333331313131
3331353331313131
3131313131313131
3131313131313131
3131313131313131
3131313131313131
3131313131313131
3131313131313131
3131313131313131
3131313131313131
3331333331313131
3331353331313131
3331353331313131
3331373331313131
3333373331313131
3335353331313131
3335353331313131
3335353331313131
3131313131313131
3131313131313131
3131313131313131
3131313131313131
3131313131313131
3131313131313131
3131313131313131
3131313131313131
3131313131313131
3131313131313131
3131313131313131
3131313131313131
3131313131313131
3131313131313131
3131313533313131
3131333335313131
3131313131313131
3131313131313131
3131313131313131
3335333533373531
3333353535333531
3335333537353733
3335333533353533
3735353535333335
3131353533333131
3131353535353131
3131373335353131
3531373133353135
3333333131353135
3535313131353133
3533313131353133
3333333331333133
3131313131313131
3131313131313131
3131313131313131
3131313131313131
3131313131313131
3131313131313131
3131313131313131
3131313131313131
3131313131313131
3131313131313131
3131313131313131
3131313131313131
3131313131313131
3131313131313131
3131313131313131
3131313131313131
3131313131313131
3131313131313131
3131313131313131
3133373537353335
33350d370d353135
3533373537333335
3335333533353535
3535313531333333
3131313131313131
3131313131313131
3131313131313131
3131313131313537
3131313131313533
3131313131313735
3131313131333535
3131313131333333
3131313131313131
3131313131313131
3131313131313131
3131313131313131
3131313131313131
3131313131313131
3131313131313131
3131313131313131
3131313131313131
3131313131313131
3131313131313131
3131313131313131
3131313131313131
3131313131313131
3131313131313131
3131313131313131
3131313131313131
3131313131313131
3131313131313131
3131313131313131
3131313131313131
3131313131313131
3131313131313131
3131313131313131
3131313131313131
3131313131313131
3131313131313131
3131313131313131
3131313131313131
3131313131313131
3131313131313131
3131313131313131
1f1f1f1f1f1f1f1f
1f1f1f1f1f1f1f1f
1f1f1f1f1f1f1f1f
1f1f1f1f1f1f1f1f
1f1f1f1f1f1f1f1f
1f1f1f1f1f1f1f1f
1f1f1f1f1f1f1f1f
1f1f1f1f1f1f1f1f
1f1f1f1f1f1f1f1f
1f1f1f1f1f1f1f1f
1f1f1f1f1f1f1f1f
1f1f1f1f1f1f1f1f
1f1f1f1f1f1f1f1f
1f1f1f1f1f1f1f1f
1f1f1f1f1f1f1f1f
1f1f1f1f1f1f1f1f
1f1f1f1f1f1f1f1f
1f1f1f1f1f1f1f1f
1f1f1f1f1f1f1f1f
1f1f1f1f1f1f1f1f
1f1f1f1f1f1f1f1f
1f1f1f1f1f1f1f1f
1f1f1f1f1f1f1f1f
1f1f1f1f1f1f1f1f
1f1f1f1f1f1f1f1f
1f1f1f1f1f1f1f1f
1f1f1f1f1f1f1f1f
1f1f1f1f1f1f1f1f
1f1f1f1f1f1f1f1f
1f1f1f1f1f1f1f1f
1f1f1f1f1f1f1f1f
1f1f1f1f1f1f1f1f
3131313131313131
3131313131313131
3131313131313131
3131313131313131
3131313131313131
3131313131313131
3131313131313131
3131313131313131
3131313131313131
3131313131313131
3131313131313131
3131313131313131
3131313131313131
3131313131313131
3131313131313131
3131313131313131
3131313131313131
3131313131313131
3131313131313131
3131313131313131
3131313131313131
3131313131313131
3131313131313131
3131313131313131
3131313131313131
3131313131313131
3131313131313131
3131313131313131
3131313131313131
3131313131313131
3131313131313131
3131313131313131
3131313131313131
3131313131313131
3131313131313131
3131313131313131
3131313131313131
3131313131313131
3131313131313131
3131313131313131
3133333131313131
3133333131313131
3133333131313131
3135333131313131
3137313131313131
3137313131313131
3535313131313131
3337313131313131
3131313131313131
3131313131313131
3131313131313131
3131313131313131
3131313131313131
3131313131313131
3131313131313131
3131313131313131
3535313131313131
3131313131313131
3131313131313131
3131313131313131
3131313131313131
3131313131313131
3131313131313131
3131313131313131
3331373331333333
3331353331333333
3331353331333333
3331373331333533
3333373331333735
3535373331333537
3737353331333337
3533353331333135
3131313137313735
3131313135313335
3131313135313333
3131313137313535
3131313135313735
3131313135313735
3131313135353533
3131313137353533
3537333531353137
3131313131313131
3131313131313131
3131313131313131
3131313131313131
3131313131313131
3131313131313131
3131313131313131
3131313135353533
3131313131313131
3131313131313131
3131313131313131
3131313131313131
3131313131313131
3131313131313131
3131313131313131
3131313131313131
3131313131313131
3131313131313131
3131313131313131
3131313131313131
3131313131313131
3131313131313131
3131313131313131
3131313131313131
3131313131313131
3131313131313131
3131313131313131
3131313131313131
3131313131313131
3131313131313131
3131313131313131
3131313131313131
3131313131313131
3131313131313131
3131313131313131
3131313131313131
3131313131313131
3131313131313131
3131313131313131
3131313131313131
3131313131313131
3131313131313131
3131313131313131
3131313131313131
3131313131313131
3131313131313131
3131313131313131
3131313131313131
3131313131313131
3131313131313131
3131313131313131
3131313131313131
3131313131313131
3131313131313131
3131313131313131
3131313531313331
3131313531333331
3131313731353331
3331333533333131
3531353333333131
3731373135313131
3537353137313131
3131313137313131
3131313131313131
3131313131313131
3131313131313131
3131313131313131
3131313131313131
3131313131313131
3131313131313131
3131313131313131
3131313135333131
3131313131353131
3131313133353131
3131313735333131
3531353537313131
3731373337313131
3331333133313131
3331333131313131
3131313131333133
3131313131333135
3131313131353337
3131313131333335
3131313131313331
3131313131313531
3131313131313731
3131313131313531
310d0d3331313131
310d0d3331313131
310d0d3331313131
310d0d3331313131
310d0d3331313131
310d0d3331313131
310d0d3331313131
310d0d3331313131
3131313131333531
3131313131353331
3131313131353331
3131313131313537
3131313131313737
3131313131313733
3131313131313331
3131313131313131
310d0d3331313131
310d0d3331313131
310d0d3331313131
310d0d3331313131
310d0d3331313131
310d0d3331313131
310d0d3331313131
310d0d3331313131
0d0d0d0d0d310d0d
0d0d0d0d0d310d0d
0d0d0d0d0d310d0d
0d0d33310d310d0d
0d3131330d310d0d
0d3105310d310d0d
0d3105310d310d0d
0d3105310d310d0d
3131330d310d0d31
3131330d310d0d31
3131330d310d0d31
3131330d310d0d31
3131330d310d0d31
3131330d310d0d31
3131330d310d0d31
3131330d310d0d31
0d33313331310d0d
3131050533310d0d
3105050531310d0d
3105050531310d0d
3105330531310d0d
3131353133310d0d
0d33353331310d0d
0d0d330d0d310d0d
3131330d310d0d31
3131330d310d0d31
3131330d310d0d31
3131330d310d0d31
3131330d310d0d31
3131330d310d0d31
3131330d310d0d31
3131330d310d0d31
3135333131333131
3137333131333131
3135333131333131
3137333131333131
3135333131333131
3135333131333131
3137333131333131
3337333131333131
3131313131353135
3131313131373137
3131313131373137
3131313131373137
3131313131353135
3131313131353135
3131313131353335
3131313131353537
3535333335353131
3531333731313131
3731333731313131
3331373331313131
3131353131313131
3131353131313131
3131313131313131
3131313131313131
3131313131373537
3131313131353735
3131313131313531
3131313131313531
3131313131313731
3131313131313331
3131313131313131
3131313131313131
3131313131313131
3131313131313131
3131313131313131
3131313131313131
3131313131313131
3131313131313131
3131313131313131
3131313131313131
3131313131313131
3131313131313131
3131313131313131
3131313131313131
3131313131313131
3131313131313131
3131313131313131
3131313131313131
3131313131313131
3131313131313131
3131313131313131
3131313131313131
3131313131313131
3131313131313131
3131313131313131
3131313131313131
3131313131313131
3131313131313131
3131313131313131
3131313131313131
3131313131313131
3131313131313131
3131313131313131
3131313131313131
3131313131313131
3131313131313131
3131313131313131
3131313131313131
3131313131313131
3131313131313131
3131313131313131
3131313131313131
3131313737313131
3131313533313131
3131313731313131
3331333531313131
3733373131313131
3133333131313131
3133333131313131
3333333131313131
3131313131313131
3131313131313131
3131313131313131
3131313131313131
3131313131313131
3131313131313131
3131313131313131
3131313131313131
3533353131313131
3731373131313131
3731373131313131
3531353331313131
3331313531313131
3131313731313131
3131313731313131
3131313331313131
3131313131313537
3131313131313335
3131313131313137
3131313131313135
3131313131313131
3131313131313131
3131313131313131
3131313131313131
3131313131313131
3131313131313131
3131313131313131
3131313131313131
3131313131313131
3131313131313131
3131313131313131
3131313131313131
3131313131313131
3131313131313131
3131313131313131
3131313131313131
3131313131313135
3131313131313137
3131313131313135
3131313131313133
3131313131313131
3131313131313131
3131313131313131
3131313131313131
3131313131313131
3131313131313131
3131313131313131
3131313131313131
3131313131313131
3131313131313131
3131313131313131
3131313131313131
3131313131313131
3131313131313131
3131313131313131
3131313131313131
3335353331313131
3337333331313131
3337333331313131
3535333331313131
3533333331313131
3135333331313131
3333333331313131
3531333331313131
3131313131313131
3131313131313131
3131313131313131
3131313131313131
3131313131313131
3131313131313131
3131313131313131
3131313131313131
3731333331313131
3131313131313131
3131313131313131
3131313131313131
3131313131313131
3131313131313131
3131313131313131
3131313131313131
3537373535333335
35373537330d0d33
3735373535333333
3537373531313533
3537353731313335
3533353335333533
3535353335353533
3335333535333531
3331313331333131
3533333331353131
3535333131353131
3533333133353131
3333333133353131
3333333135333131
3533373335353131
3135353333333131
3533353533353531
3131313131313131
3131313131313131
3131313131313131
3131313131313131
3131313131313131
3131313131313131
3131313131313131
3533353335313131
3131313131313131
3131313131313131
3131313131313131
3131313131313131
3131313131313131
3131313131313131
3131313131313131
3533313331333335
333331333133330d
3333313331333333
3533313331333333
3533313331333333
3533313331333335
3533313331333335
3533313331333533
3131313131333333
3131313131330d0d
3131313131333333
3131313131313131
3131313131313133
3131313131313535
3131313131333535
3131313131333533
3133313331333737
3131313131313131
3131313131313131
3131313131313131
3131313131313131
3131313131313131
3131313131313131
3131313131313131
3131313131313735
3131313131313131
3131313131313131
3131313131313131
3131313131313131
3131313131313131
3131313131313131
3131313131313131
3131313131313131
3131313131313131
3131313131313131
3131313131313131
3131313131313131
3131313131313131
3131313131313131
3131313131313131
3131313131313131
3131313131313131
3131313131313131
3131313131313131
3131313131313131
3131313131313131
3131313131313131
3131313131313131
3131313131313131
3131313131313131
3131313131313131
3131313131313131
3131313131313131
3131313131313131
3131313131313131
3131313131313131
3131313131313131
3131313131313131
3131313131313131
3131313131313131
3131313131313131
3131313131313131
3131313131313131
3131313131313131
1f1f1f1f1f1f1f1f
1f1f1f1f1f1f1f1f
1f1f1f1f1f1f1f1f
1f1f1f1f1f1f1f1f
1f1f1f1f1f1f1f1f
1f1f1f1f1f1f1f1f
1f1f1f1f1f1f1f1f
1f1f1f1f1f1f1f1f
1f1f1f1f1f1f1f1f
1f1f1f1f1f1f1f1f
1f1f1f1f1f1f1f1f
1f1f1f1f1f1f1f1f
1f1f1f1f1f1f1f1f
1f1f1f1f1f1f1f1f
1f1f1f1f1f1f1f1f
1f1f1f1f1f1f1f1f
1f1f1f1f1f1f1f1f
1f1f1f1f1f1f1f1f
1f1f1f1f1f1f1f1f
1f1f1f1f1f1f1f1f
1f1f1f1f1f1f1f1f
1f1f1f1f1f1f1f1f
1f1f1f1f1f1f1f1f
1f1f1f1f1f1f1f1f
1f1f1f1f1f1f1f1f
1f1f1f1f1f1f1f1f
1f1f1f1f1f1f1f1f
1f1f1f1f1f1f1f1f
1f1f1f1f1f1f1f1f
1f1f1f1f1f1f1f1f
1f1f1f1f1f1f1f1f
1f1f1f1f1f1f1f1f
3131313131313131
3131313131313131
3131313131313131
3131313131313131
3131313131313131
3131313131313131
3131313131313131
3131313131313131
3131313131313131
3131313131313131
3131313131313131
3131313131313131
3131313131313131
3131313131313131
3131313131313131
3131313131313131
1f1f1f1f1f1f1f1f
1f1f1f1f1f1f1f1f
1f1f1f1f1f1f1f1f
1f1f1f1f1f1f1f1f
1f1f1f1f1f1f1f1f
1f1f1f1f1f1f1f1f
1f1f1f1f1f1f1f1f
1f1f1f1f1f1f1f1f
1f1f1f1f1f1f1f1f
1f1f1f1f1f1f1f1f
1f1f1f1f1f1f1f1f
1f1f1f1f1f1f1f1f
1f1f1f1f1f1f1f1f
1f1f1f1f1f1f1f1f
1f1f1f1f1f1f1f1f
1f1f1f1f1f1f1f1f
3131313131313131
3131313131313131
3131313131313131
3131313131313131
3131313131313131
3131313131313131
3131313131313131
3131313131313131
3131313131313131
3131313131313131
3131313131313131
3131313131313131
3131313131313131
3131313131313131
3131313131313131
3131313131313131
1f1f1f1f1f1f1f1f
1f1f1f1f1f1f1f1f
1f1f1f1f1f1f1f1f
1f1f1f1f1f1f1f1f
1f1f1f1f1f1f1f1f
1f1f1f1f1f1f1f1f
1f1f1f1f1f1f1f1f
1f1f1f1f1f1f1f1f
1f1f1f1f1f1f1f1f
1f1f1f1f1f1f1f1f
1f1f1f1f1f1f1f1f
1f1f1f1f1f1f1f1f
1f1f1f1f1f1f1f1f
1f1f1f1f1f1f1f1f
1f1f1f1f1f1f1f1f
1f1f1f1f1f1f1f1f
3131313131313131
3131313131313131
3131313131313131
3131313131313131
3131313131313131
3131313131313131
3131313131313131
3131313131313131
3131313131313131
3131313131313131
3131313131313131
3131313131313131
3131313131313131
3131313131313131
3131313131313131
3131313131313131
1f1f1f1f1f1f1f1f
1f1f1f1f1f1f1f1f
1f1f1f1f1f1f1f1f
1f1f1f1f1f1f1f1f
1f1f1f1f1f1f1f1f
1f1f1f1f1f1f1f1f
1f1f1f1f1f1f1f1f
1f1f1f1f1f1f1f1f
1f1f1f1f1f1f1f1f
1f1f1f1f1f1f1f1f
1f1f1f1f1f1f1f1f
1f1f1f1f1f1f1f1f
1f1f1f1f1f1f1f1f
1f1f1f1f1f1f1f1f
1f1f1f1f1f1f1f1f
1f1f1f1f1f1f1f1f
3131313131313131
3131313131313131
3131313131313131
3131313131313131
3131313131313131
3131313131313131
3131313131313131
3131313131313131
3131313131313131
3131313131313131
3131313131313131
3131313131313131
3131313131313131
3131313131313131
3131313131313131
3131313131313131
1f1f1f1f1f1f1f1f
1f1f1f1f1f1f1f1f
1f1f1f1f1f1f1f1f
1f1f1f1f1f1f1f1f
1f1f1f1f1f1f1f1f
1f1f1f1f1f1f1f1f
1f1f1f1f1f1f1f1f
1f1f1f1f1f1f1f1f
1f1f1f1f1f1f1f1f
1f1f1f1f1f1f1f1f
1f1f1f1f1f1f1f1f
1f1f1f1f1f1f1f1f
1f1f1f1f1f1f1f1f
1f1f1f1f1f1f1f1f
1f1f1f1f1f1f1f1f
1f1f1f1f1f1f1f1f
3131313131313131
3131313131313131
3131313131313131
3131313131313131
3131313131313131
3131313131313131
3131313131313131
3131313131313131
3333333131313131
3333333131313131
3131313131313131
3131313131313131
3131313131313131
3131313131313131
3131313131313131
3131313131313131
1f1f1f1f1f1f1f1f
1f1f1f1f1f1f1f1f
1f1f1f1f1f1f1f1f
1f1f1f1f1f1f1f1f
1f1f1f1f1f1f1f1f
1f1f1f1f1f1f1f1f
1f1f1f1f1f1f1f1f
1f1f1f1f1f1f1f1f
1f1f1f1f1f1f1f1f
1f1f1f1f1f1f1f1f
1f1f1f1f1f1f1f1f
1f1f1f1f1f1f1f1f
1f1f1f1f1f1f1f1f
1f1f1f1f1f1f1f1f
1f1f1f1f1f1f1f1f
1f1f1f1f1f1f1f1f
3131313131313131
3131313131313131
3131313131313131
3131313131313131
3131313131313131
3131313131313131
3131313131313131
3131313131313131
310d0d3331313131
310d0d3331313131
310d313331313131
310d313331313131
310d353331313131
3331373131313131
3331313131313131
3131313131313131
1f1f1f1f1f1f1f1f
1f1f1f1f1f1f1f1f
1f1f1f1f1f1f1f1f
1f1f1f1f1f1f1f1f
1f1f1f1f1f1f1f1f
1f1f1f1f1f1f1f1f
1f1f1f1f1f1f1f1f
1f1f1f1f1f1f1f1f
1f1f1f1f1f1f1f1f
1f1f1f1f1f1f1f1f
1f1f1f1f1f1f1f1f
1f1f1f1f1f1f1f1f
1f1f1f1f1f1f1f1f
1f1f1f1f1f1f1f1f
1f1f1f1f1f1f1f1f
1f1f1f1f1f1f1f1f
0d0d33330d310d0d
0d3305330d310d0d
0d3131310d310d0d
0d0d0d0d0d310d0d
0d0d0d0d0d310d0d
0d0d0d0d0d310d31
0d0d0d0d0d353333
3333333333333131
3131330d310d0d31
3131330d310d0d31
3131350d310d0d31
3131350d310d0d31
3131350d33310d31
3131353331330d31
3131313131353333
3131313131313133
1f1f1f1f1f1f1f1f
1f1f1f1f1f1f1f1f
1f1f1f1f1f1f1f1f
1f1f1f1f1f1f1f1f
1f1f1f1f1f1f1f1f
1f1f1f1f1f1f1f1f
1f1f1f1f1f1f1f1f
1f1f1f1f1f1f1f1f
1f1f1f1f1f1f1f1f
1f1f1f1f1f1f1f1f
1f1f1f1f1f1f1f1f
1f1f1f1f1f1f1f1f
1f1f1f1f1f1f1f1f
1f1f1f1f1f1f1f1f
1f1f1f1f1f1f1f1f
1f1f1f1f1f1f1f1f
3131313131313131
3131313131313131
3131313131313131
3131313131313131
3131313131313131
3131313131313131
3131313131313131
3131313131313131
3131313131313131
3131313131313131
3131313131313131
3131313131313131
3131313131313131
3131313131313131
3131313131313131
3131313131313131
1f1f1f1f1f1f1f1f
1f1f1f1f1f1f1f1f
1f1f1f1f1f1f1f1f
1f1f1f1f1f1f1f1f
1f1f1f1f1f1f1f1f
1f1f1f1f1f1f1f1f
1f1f1f1f1f1f1f1f
1f1f1f1f1f1f1f1f
1f1f1f1f1f1f1f1f
1f1f1f1f1f1f1f1f
1f1f1f1f1f1f1f1f
1f1f1f1f1f1f1f1f
1f1f1f1f1f1f1f1f
1f1f1f1f1f1f1f1f
1f1f1f1f1f1f1f1f
1f1f1f1f1f1f1f1f
3131313131313131
3131313131313131
3131313131313131
3131313131313131
3131313131313131
3131313131313131
3131313131313131
3131313131313131
3131313131313131
3131313131313131
3131313131313131
3131313131313131
3131313131313131
3131313131313131
3131313131313131
3131313131313131
1f1f1f1f1f1f1f1f
1f1f1f1f1f1f1f1f
1f1f1f1f1f1f1f1f
1f1f1f1f1f1f1f1f
1f1f1f1f1f1f1f1f
1f1f1f1f1f1f1f1f
1f1f1f1f1f1f1f1f
1f1f1f1f1f1f1f1f
1f1f1f1f1f1f1f1f
1f1f1f1f1f1f1f1f
1f1f1f1f1f1f1f1f
1f1f1f1f1f1f1f1f
1f1f1f1f1f1f1f1f
1f1f1f1f1f1f1f1f
1f1f1f1f1f1f1f1f
1f1f1f1f1f1f1f1f
3131313131313131
3131313131313131
3131313131313131
3131313131313131
3131313131313131
3131313131313131
3131313131313131
3131313131313131
3333333331313131
3331333331313131
3131313131313131
3131313131313131
3131313131313131
3131313131313131
3131313131313131
3131313131313131
1f1f1f1f1f1f1f1f
1f1f1f1f1f1f1f1f
1f1f1f1f1f1f1f1f
1f1f1f1f1f1f1f1f
1f1f1f1f1f1f1f1f
1f1f1f1f1f1f1f1f
1f1f1f1f1f1f1f1f
1f1f1f1f1f1f1f1f
1f1f1f1f1f1f1f1f
1f1f1f1f1f1f1f1f
1f1f1f1f1f1f1f1f
1f1f1f1f1f1f1f1f
1f1f1f1f1f1f1f1f
1f1f1f1f1f1f1f1f
1f1f1f1f1f1f1f1f
1f1f1f1f1f1f1f1f
3131313131313133
3131313131313133
3131313131313131
3131313131313131
3131313131313131
3131313131313131
3131313131313131
3131313131313131
3131313131313131
3131313131313131
3131313131313131
3131313131313131
3131313131313131
3131313131313131
3131313131313131
3131313131313131
1f1f1f1f1f1f1f1f
1f1f1f1f1f1f1f1f
1f1f1f1f1f1f1f1f
1f1f1f1f1f1f1f1f
1f1f1f1f1f1f1f1f
1f1f1f1f1f1f1f1f
1f1f1f1f1f1f1f1f
1f1f1f1f1f1f1f1f
1f1f1f1f1f1f1f1f
1f1f1f1f1f1f1f1f
1f1f1f1f1f1f1f1f
1f1f1f1f1f1f1f1f
1f1f1f1f1f1f1f1f
1f1f1f1f1f1f1f1f
1f1f1f1f1f1f1f1f
1f1f1f1f1f1f1f1f
3131313131313131
3131313131313131
3131313131313131
3131313131313131
3131313131313131
3131313131313131
3131313131313131
3131313131313131
3131313131313131
3131313131313131
3131313131313131
3131313131313131
3131313131313131
3131313131313131
3131313131313131
3131313131313131
1f1f1f1f1f1f1f1f
1f1f1f1f1f1f1f1f
1f1f1f1f1f1f1f1f
1f1f1f1f1f1f1f1f
1f1f1f1f1f1f1f1f
1f1f1f1f1f1f1f1f
1f1f1f1f1f1f1f1f
1f1f1f1f1f1f1f1f
1f1f1f1f1f1f1f1f
1f1f1f1f1f1f1f1f
1f1f1f1f1f1f1f1f
1f1f1f1f1f1f1f1f
1f1f1f1f1f1f1f1f
1f1f1f1f1f1f1f1f
1f1f1f1f1f1f1f1f
1f1f1f1f1f1f1f1f
3131313131313131
3131313131313131
3131313131313131
3131313131313131
3131313131313131
3131313131313131
3131313131313131
3131313131313131
3131313131313131
3131313131313131
3131313131313131
3131313131313131
3131313131313131
3131313131313131
3131313131313131
3131313131313131
1f1f1f1f1f1f1f1f
1f1f1f1f1f1f1f1f
1f1f1f1f1f1f1f1f
1f1f1f1f1f1f1f1f
1f1f1f1f1f1f1f1f
1f1f1f1f1f1f1f1f
1f1f1f1f1f1f1f1f
1f1f1f1f1f1f1f1f
1f1f1f1f1f1f1f1f
1f1f1f1f1f1f1f1f
1f1f1f1f1f1f1f1f
1f1f1f1f1f1f1f1f
1f1f1f1f1f1f1f1f
1f1f1f1f1f1f1f1f
1f1f1f1f1f1f1f1f
1f1f1f1f1f1f1f1f
3131313131313131
3131313131313131
3131313131313131
3131313131313131
3131313131313131
3131313131313131
3131313131313131
3131313131313131
3131313131313131
3131313131313131
3131313131313131
3131313131313131
3131313131313131
3131313131313131
3131313131313131
3131313131313131
1f1f1f1f1f1f1f1f
1f1f1f1f1f1f1f1f
1f1f1f1f1f1f1f1f
1f1f1f1f1f1f1f1f
1f1f1f1f1f1f1f1f
1f1f1f1f1f1f1f1f
1f1f1f1f1f1f1f1f
1f1f1f1f1f1f1f1f
1f1f1f1f1f1f1f1f
1f1f1f1f1f1f1f1f
1f1f1f1f1f1f1f1f
1f1f1f1f1f1f1f1f
1f1f1f1f1f1f1f1f
1f1f1f1f1f1f1f1f
1f1f1f1f1f1f1f1f
1f1f1f1f1f1f1f1f
3131313131313131
3131313131313131
3131313131313131
3131313131313131
3131313131313131
3131313131313131
3131313131313131
3131313131313131
3131313131313131
3131313131313131
3131313131313131
3131313131313131
3131313131313131
3131313131313131
3131313131313131
3131313131313131
1f1f1f1f1f1f1f1f
1f1f1f1f1f1f1f1f
1f1f1f1f1f1f1f1f
1f1f1f1f1f1f1f1f
1f1f1f1f1f1f1f1f
1f1f1f1f1f1f1f1f
1f1f1f1f1f1f1f1f
1f1f1f1f1f1f1f1f
1f1f1f1f1f1f1f1f
1f1f1f1f1f1f1f1f
1f1f1f1f1f1f1f1f
1f1f1f1f1f1f1f1f
1f1f1f1f1f1f1f1f
1f1f1f1f1f1f1f1f
1f1f1f1f1f1f1f1f
1f1f1f1f1f1f1f1f
1f1f1f1f1f1f1f1f
1f1f1f1f1f1f1f1f
1f1f1f1f1f1f1f1f
1f1f1f1f1f1f1f1f
1f1f1f1f1f1f1f1f
1f1f1f1f1f1f1f1f
1f1f1f1f1f1f1f1f
1f1f1f1f1f1f1f1f
1f1f1f1f1f1f1f1f
1f1f1f1f1f1f1f1f
1f1f1f1f1f1f1f1f
1f1f1f1f1f1f1f1f
1f1f1f1f1f1f1f1f
1f1f1f1f1f1f1f1f
1f1f1f1f1f1f1f1f
1f1f1f1f1f1f1f1f
1f1f1f1f1f1f1f1f
1f1f1f1f1f1f1f1f
1f1f1f1f1f1f1f1f
1f1f1f1f1f1f1f1f
1f1f1f1f1f1f1f1f
1f1f1f1f1f1f1f1f
1f1f1f1f1f1f1f1f
1f1f1f1f1f1f1f1f
1f1f1f1f1f1f1f1f
1f1f1f1f1f1f1f1f
1f1f1f1f1f1f1f1f
1f1f1f1f1f1f1f1f
1f1f1f1f1f1f1f1f
1f1f1f1f1f1f1f1f
1f1f1f1f1f1f1f1f
1f1f1f1f1f1f1f1f
